-- phpMyAdmin SQL Dump
-- version 5.0.2
-- https://www.phpmyadmin.net/
--
-- Host: 127.0.0.1
-- Generation Time: Dec 30, 2022 at 09:21 AM
-- Server version: 10.4.14-MariaDB
-- PHP Version: 7.2.33

SET SQL_MODE = "NO_AUTO_VALUE_ON_ZERO";
START TRANSACTION;
SET time_zone = "+00:00";


/*!40101 SET @OLD_CHARACTER_SET_CLIENT=@@CHARACTER_SET_CLIENT */;
/*!40101 SET @OLD_CHARACTER_SET_RESULTS=@@CHARACTER_SET_RESULTS */;
/*!40101 SET @OLD_COLLATION_CONNECTION=@@COLLATION_CONNECTION */;
/*!40101 SET NAMES utf8mb4 */;

--
-- Database: `pharmacy`
--

-- --------------------------------------------------------

--
-- Table structure for table `cashmed`
--

CREATE TABLE `cashmed` (
  `id` int(11) NOT NULL,
  `date` date NOT NULL,
  `amount` int(255) NOT NULL,
  `detail` varchar(255) NOT NULL
) ENGINE=InnoDB DEFAULT CHARSET=utf8mb4;

-- --------------------------------------------------------

--
-- Table structure for table `catagory`
--

CREATE TABLE `catagory` (
  `catagory_id` smallint(6) NOT NULL,
  `catagory_name` varchar(50) NOT NULL,
  `active` tinyint(3) NOT NULL DEFAULT 1
) ENGINE=InnoDB DEFAULT CHARSET=utf8mb4;

--
-- Dumping data for table `catagory`
--

INSERT INTO `catagory` (`catagory_id`, `catagory_name`, `active`) VALUES
(2, 'Cash update ', 0),
(3, 'Cash', 1),
(5, 'Loan', 1);

-- --------------------------------------------------------

--
-- Table structure for table `clients`
--

CREATE TABLE `clients` (
  `client_id` int(11) NOT NULL,
  `name` varchar(50) NOT NULL,
  `address` varchar(100) DEFAULT NULL,
  `number` varchar(11) DEFAULT NULL,
  `email` varchar(50) DEFAULT NULL
) ENGINE=InnoDB DEFAULT CHARSET=utf8mb4;

--
-- Dumping data for table `clients`
--

INSERT INTO `clients` (`client_id`, `name`, `address`, `number`, `email`) VALUES
(2, 'Mirwais ', 'khair Khana', '0791300200', 'karim@gmail');

-- --------------------------------------------------------

--
-- Table structure for table `company`
--

CREATE TABLE `company` (
  `id` int(255) NOT NULL,
  `name` varchar(50) NOT NULL,
  `phone` varchar(11) NOT NULL,
  `address` varchar(255) NOT NULL,
  `representative` varchar(50) NOT NULL,
  `rep_phone` varchar(11) NOT NULL,
  `created_at` timestamp NOT NULL DEFAULT current_timestamp() ON UPDATE current_timestamp(),
  `updated_at` datetime NOT NULL,
  `user_id` int(255) NOT NULL,
  `note` mediumtext NOT NULL
) ENGINE=InnoDB DEFAULT CHARSET=utf8mb4;

--
-- Dumping data for table `company`
--

INSERT INTO `company` (`id`, `name`, `phone`, `address`, `representative`, `rep_phone`, `created_at`, `updated_at`, `user_id`, `note`) VALUES
(5, 'Goldsheff (Adnan Qadri co ) ', '0780199945', 'Hotal Parwan ', 'Khalid ', '0780747295', '2021-03-11 10:18:48', '2021-03-11 04:18:48', 16, ''),
(6, 'SAMSON ( Haji Bashir Alozai ) ', '0780619842', '1st Street Shah-Shaheed, Kabul ', 'no name ', '0788771383', '2021-01-07 12:27:09', '2021-01-07 06:27:09', 16, ''),
(7, 'AGP(Malem Mangal )', '0780046034', 'Baraki, Parwan 2 ', 'Jamaludin ', '0784622334', '2021-04-24 05:46:12', '2021-04-24 00:46:12', 16, ''),
(8, 'Alpha (kesh memo)', '0796350445', 'Mandawi, Kabul ', 'Qari ', '0796350445', '2021-11-21 12:41:08', '2021-11-21 06:41:08', 16, 'they deal in US dollors we exchange the dollor to the date rate of market \r\nAhmad azizi  0788851617'),
(9, 'Delawar Nasrat Pharma ', '0783301648', 'Kote Sangy, Bostan Plaza ', 'Abdul Wahab ', '0749840023', '2020-12-04 20:36:37', '2020-12-05 01:06:37', 16, 'Ceftraczone '),
(10, 'Global Pharma ', '0787299461', 'Taiman, in front of power Station, Maidan High Way ', 'M. Khalid Ahmadzada ', '0783859737', '2021-10-11 12:21:07', '2021-10-11 07:21:07', 16, ''),
(11, 'Pharamedic ( Munibullah Haseeb CO LTD)', '0793498747', '3rd Part of Khair Khana, qadery market 3rd floor ', 'Sharif ', '0772365312', '2021-01-23 05:53:09', '2021-01-22 23:53:09', 16, ''),
(12, 'NEON ( Faqir Zaman LTD )', '0729574895', 'Hotal Parwan, Alshfa Market ', 'Unkhown ', '0706788159', '2020-12-05 00:06:37', '2020-12-05 04:36:37', 16, ''),
(13, 'SWISS (Neyaz Haidari Ltd)', '799471908', 'Parwan 2, twin tower, Fourth Floor ', 'Nasir ', '0788619568', '2020-12-10 08:14:36', '2020-12-10 02:14:36', 16, ''),
(14, 'Brookes (New Kakar) ', '0780000144', 'Hotal Parwan, Qadir Bakhshi, Second Floor ', 'Farid ', '0785057183', '2020-12-12 12:30:26', '2020-12-12 06:30:26', 16, ''),
(15, 'Helix (New Kakar Ltd) ', '0780000144', 'Hotal Parwan ', 'Ahmad Rashid ', '0788112512', '2020-12-05 01:05:55', '2020-12-05 05:35:55', 16, ''),
(16, 'Corona (Oria Sehat Ltd)', '0766203040', 'Kabul ', 'Same ', '0731913468', '2020-12-06 08:37:09', '2020-12-06 02:36:36', 16, ''),
(17, 'Nest (zwak haidari Ltd)', '0730081234', 'Hotal Parwan ', 'Omran ', '0785651157', '2021-10-17 06:54:34', '2021-10-17 01:54:34', 16, 'noor yaser company name change to zwak haidari co\r\n'),
(18, 'Rogh Sehat Ltd', '0785070991', 'Hotal Parwan, Khalid Taraki Plaza 6th floor ', 'Marzia Sadat ', '0785070991', '2020-12-07 08:49:32', '2020-12-07 02:49:32', 16, ''),
(19, 'Wilson (Afghan Tolo Ltd)', '0780760790', 'Hotal Parwan, Shamshad Market, 4th Floor ', 'Sharif ', '0781112951', '2020-12-07 00:16:53', '2020-12-07 04:46:53', 16, ''),
(20, 'Lalandar Ltd', '0788649694', 'Hotal Parwan ', 'Dagarwal Saib ', '0786157753', '2020-12-07 00:39:35', '2020-12-07 05:09:35', 16, ''),
(21, 'Semos (Speenghar Rodat Trading Ltd) )', '0787653824', 'Hotal Parwan ', 'adeeb', '0731011517', '2021-07-18 10:42:59', '2021-07-18 05:42:59', 16, ''),
(22, 'West Coast (Faqir Zaman Ltd)', '0729456041', 'Hotal Parwan ', 'Masoud ', '0730710264', '2021-01-17 11:18:41', '2021-01-17 05:18:41', 16, '0780463009 - Hosnia '),
(23, 'Meyer (Faqir Zaman Ltd)', '0744462780', 'Hotal Parwan ', 'Zulmai ', '0730710260', '2022-04-11 12:21:13', '2022-04-11 07:21:13', 16, '0770131535'),
(24, 'Zafaran Pharmaceuticals ', '0785955618', 'Karte-e-char', 'Ziahullah Noori ', '0772860841', '2020-12-07 01:54:34', '2020-12-07 06:24:34', 16, ''),
(25, 'Mawlana Sehat (Leda Pharma) ', '0787425856', 'Hotal Parwan, Shafiq Market, 1st floor ', 'Jamshid ', '0770009009', '2021-04-25 05:09:25', '2021-04-25 00:09:25', 16, ''),
(26, 'AMSON (Gul Akbar Mangal Ltd)', '0783748131', 'Shah Saheed Kate naw ', 'Edris ', '0782164036', '2021-10-24 07:30:13', '2021-10-24 02:30:13', 16, ''),
(28, 'InterMed (Khan Sehat Ltd )', '0785909904', 'Hotal Parwan ', 'Shiba ', '0748158995', '2021-03-27 07:02:30', '2021-03-27 02:02:30', 16, ''),
(29, 'Tabros (Fazil Jamil) ', '0202404436', '1st District Khair Khana ', 'Unknown ', '0780800603', '2020-12-09 22:49:38', '2020-12-10 03:19:38', 16, ''),
(30, 'Blue Kausar Pharmaceuticals ', '0770379621', 'kabul ', 'unknown ', '00000000', '2020-12-09 22:55:23', '2020-12-10 03:25:23', 16, ''),
(31, 'Cure Asia Trading Co.', '0784950950', 'Hotal Parwan ', 'Khalida jan ', '0786608956', '2021-01-07 11:37:48', '2021-01-07 05:37:48', 16, '0789536267'),
(32, 'Pinnacle (Oria Sehat Ltd)', '0781202711', 'Shah Saheed Kate naw ', 'Koche ', '0745017263', '2021-01-31 10:03:23', '2021-01-31 04:03:23', 16, '0730026218'),
(33, 'CPH (Rashid Omar Hejazi Ltd)', '0799131814', 'Hotal Parwan ', 'Hedayatullah ', '0788015036', '2020-12-09 23:09:38', '2020-12-10 03:39:38', 16, ''),
(34, 'Etemad Musle ', '0202414169', 'Hotal Parwan ', 'Khalid ', '0789249504', '2021-02-02 11:27:57', '2021-02-02 05:27:57', 16, 'Balance Checked '),
(35, 'Osaka (Green Oxide Trd )', '0781415280', 'Qalaie Najar Ha Saidul Naseri School Road ', 'Said Qasem ', '0785751600', '2020-12-09 23:27:16', '2020-12-10 03:57:16', 16, ''),
(36, '24 Services ', '0774633314', 'Hotal Parwan ', 'Unknown ', '00000000', '2020-12-09 23:42:41', '2020-12-10 04:12:41', 16, ''),
(37, 'Biolife Enterprises (Aman Suhail )', '0788445261', 'Shah Saheed Kate naw ', 'Fahim ', '0785588477', '2021-01-31 12:37:01', '2021-01-31 06:37:01', 16, '0782545859 asif'),
(38, 'Cadila Pharmaceutical ', '0786428949', 'Hotal Parwan ', 'Unknown ', '0780200406', '2020-12-10 00:12:15', '2020-12-10 04:42:15', 16, ''),
(40, 'Event (Wama Shahr Co. Ltd)', '077777757', 'Hotal Parwan ', 'Unknown ', '0776050819', '2020-12-10 11:03:12', '2020-12-10 05:03:12', 16, ''),
(41, 'Shazo ( Hamed Khalid Pharmacy ) ', '0799328109', 'Hotal Parwan ', 'Suhrab ', '073576029', '2021-01-04 12:34:41', '2021-01-04 06:34:41', 16, ''),
(42, 'SKF (Sabzwar Isaq Zai) ', '0799325415', 'Hotal Parwan ', 'Ismail ', '0799885019', '2020-12-10 00:59:13', '2020-12-10 05:29:13', 16, ''),
(43, 'Saami  ( Bator Rawan Medicine Hole Saller) ', '0707909238', 'Hotal Parwan, Ameen Market ', 'Samir jan ', '0788515345', '2021-01-02 11:04:45', '2021-01-02 05:04:45', 16, ''),
(44, 'Etemad Mosleh Meds whole Seller ', '0783822624', 'Alshefa Market Hotal Parwan ', 'Unknown ', '00000000', '2020-12-11 22:53:11', '2020-12-12 03:23:11', 16, ''),
(45, 'Mankind (Zaher Hadrogul Trading Ltd) ', '0202214124', 'kabul', 'Unknown ', '0784020005', '2021-02-01 09:06:25', '2021-02-01 03:06:25', 16, ''),
(46, 'Sardar Gouhar Pharmacutical Company ', '0780820955', 'Hotal Parwan, Nejrab Market ', 'Ramin', '0786069065', '2020-12-12 23:04:18', '2020-12-13 03:34:18', 16, ''),
(47, 'Micro ( Delfa Pharma )', '0729574894', 'Hotal Parwan, Alshfa Market ', 'Shukrullah Gharibyar ', '0788548483', '2020-12-30 05:12:46', '2020-12-29 23:12:46', 16, 'whatsapp 0789404402'),
(48, 'Bosch (New Kakar Pvt Ltd )', '0700350140', 'Hotal Parwan ', 'Same ', '0788862947', '2020-12-16 22:28:16', '2020-12-17 02:58:16', 16, ''),
(49, 'Marksans Pharma (Meesagh Medicine Whole Saler )', '0784707060', 'Qadir Bakhshi Medical Market 2nd floor Hotal Parwan ', 'Unknown ', '0730554862', '2021-04-21 06:39:48', '2021-04-21 01:39:48', 16, ''),
(50, 'Serene ( Lite Life Co Ltd )', '0770009009', 'Hotal Parwan ', 'Obaidullah ', '0731606916', '2021-01-07 09:23:31', '2021-01-07 03:23:31', 16, ''),
(51, 'Wilshire (Pharma One Ltd) ', '0730000065', 'Shah Saheed Kate naw ', 'Unknown ', '0777733288', '2021-12-29 12:09:15', '2021-12-29 06:09:15', 16, ''),
(52, 'Habib Gulazar Ltd', '0772811357', 'Hotal Parwan ', 'Hasibullah ', '0773830412', '2020-12-24 12:01:12', '2020-12-24 06:01:12', 16, ''),
(53, 'Saffron (Mal Pharma Ltd)', '0786152786', 'Shah Saheed Karte naw ', 'Samia ', '0786082406', '2021-02-28 06:23:02', '2021-02-28 00:23:02', 16, ''),
(54, 'Razi Pharma Co Ltd', '0700209049', 'Hotal Parwan, Dastyar Plaza 5th floor, Apr 10', 'Unknown ', '00000000', '2020-12-25 19:50:55', '2020-12-26 00:20:55', 16, ''),
(55, 'Genetics (Gul Akbar Mangal Ltd)', '0783748131', 'Kabul Afghanistan ', 'Jawad Ahmad ', '0784808102', '2021-08-10 08:25:07', '2021-08-10 03:25:07', 16, ''),
(56, 'Mukhtar Niazi Ltd', '0788841100', 'Hotal Parwan ', 'Unknown ', '00000000', '2020-12-26 00:00:59', '2020-12-26 04:30:59', 16, ''),
(57, 'Warsan (Razi Pharma Co Ltd) ', '0786219665', 'Hotal Parwan ', 'Ali Rahman Mirwaisy ', '0784186143', '2021-04-22 09:11:47', '2021-04-22 04:11:47', 16, 'Sino Stop Syr'),
(58, 'Real Line (Khalid bin Walid M. Wholesaler )', '000000', '00', 'Karima ', '00000000', '2020-12-29 07:47:55', '2020-12-29 01:47:55', 16, ''),
(59, 'TV Pharma ( Omar Ghafari Ghaznawi LTD)', '0787014988', 'Shamshad Markt ', 'Unknown', '0785358246', '2020-12-28 21:27:27', '2020-12-29 01:57:27', 16, ''),
(60, 'Shaigan ( Pharma One International Ltd )', '0795300700', 'Shah Saheed Karte naw ', 'Obaidullah ', '0780411722', '2021-04-12 13:00:50', '2021-04-12 08:00:50', 16, 'Esso, '),
(61, 'Searle ( Najib Gulab Ltd ) ', '0729890234', 'Hotal Parwan ', '', '0779727740', '2021-01-04 02:23:28', '2021-01-04 06:53:28', 16, ''),
(62, 'Rogh Sehat Cosmetics ', '07290203065', 'Karte-e-Naw, Kabul ', 'Khalid Jan ', '0782144140', '2021-01-08 20:19:25', '2021-01-09 00:49:25', 16, 'Cosmatics, Hemalia Facewash, Classy Vasuline '),
(63, 'Genix Pharma ( Moheb Irshad Ltd )', '0793548222', 'Hotal Parwan ', 'Nemat ', '0784872245', '2021-06-21 05:50:31', '2021-06-21 00:50:31', 16, ''),
(64, 'Aoranoos Pharam Co. LTD ( Anatolia Pharma )', '0785282171', 'Hotal Parwan ', 'Ehsanullah Moh.', '0731064521', '2021-01-25 11:50:10', '2021-01-25 05:50:10', 16, 'ginko Vit '),
(65, 'Hikmat Dawar Pharma Trading Company ', '0780757174', 'Hotal Parwan ', 'Unknown ', '0745297603', '2021-01-25 01:01:04', '2021-01-25 05:31:04', 16, ''),
(66, 'Square Pharmaceuticals LTD, Bangladesh ', '0780788150', 'Hotal Parwan ', 'Unknown ', '0729105410', '2021-01-26 19:16:58', '2021-01-26 23:46:58', 16, ''),
(67, 'Tasnim', '', '', '', '0783857582', '2021-01-28 01:07:30', '2021-01-28 05:37:30', 16, ''),
(68, 'Xion Health Care (نسایی )', '0794509689', '3rd Part Of Khair Khana Dis 15', 'visitor ', '0787882617', '2021-04-14 08:21:05', '2021-04-14 03:21:05', 16, '0788087191 Sales Man Number '),
(69, 'SJG (Rashid Omar Hijaz Pvt Ltd) ', '0799131814', '2nd Road Taimany Project ', 'Hafizullah ', '0000000', '2021-03-25 10:42:26', '2021-03-25 05:42:26', 16, 'Bill No: 22859 - slip no 19836'),
(70, 'Medinoon / Roryan  (Zahid Ezat Ltd) ', '0791787915', 'Hotal Parwan ', 'Zahid ', '0000000', '2021-02-28 06:13:19', '2021-02-28 00:13:19', 16, ''),
(71, 'FineCure Pharmaceutical (Rashid Amini Ltd)', '0730710369', 'Hotal Parwan ', 'Imran ', '0789106268', '2021-02-17 10:53:15', '2021-02-17 04:53:15', 16, ''),
(72, 'Aria Health Care Co.', '0771404742', 'Kabul, Afghanistan ', 'Zabihullah ', '0772860841', '2021-02-22 18:45:14', '2021-02-22 23:15:14', 16, ''),
(73, 'Abwar Pharma ', '0797191090', '3rd Part Of Khair Khana Dis 15', 'Unknown ', '0', '2021-02-22 19:07:15', '2021-02-22 23:37:15', 16, 'Nedazol DS'),
(74, 'Symbiosis (Zahir Hadrogul Trading ltd)', '0784011431', 'Salang Watt kabul ', 'Mr. Sohail ', '0000000', '2021-02-26 19:43:16', '2021-02-27 00:13:16', 16, 'Cash '),
(75, 'Zydus Cadila Health Care  ', '0783454893', 'Quaie Markaz Paktia Market 5th floor ', 'Zabihullah ', '0787495287', '2021-06-16 11:44:35', '2021-06-16 06:44:35', 16, '0789158629 Abdul ghafar '),
(76, 'Genome , ATCO ( Naweed Mumtaz Ltd ) ', '0795346034', 'Parwan 2, International Business Center ', 'Mohammad Esa ', '0785424264', '2021-05-31 08:35:59', '2021-05-31 03:35:59', 16, 'Prefor 50Mg '),
(77, 'GPS Pharmaceutical Company ', '0789456888', 'Shah Shaheed 1st Street ', 'Ismalil Ishqzai ', '0783518192', '2021-06-19 08:24:55', '2021-06-19 03:24:55', 16, '0749313390'),
(79, 'Digital Vision (Atai Pharma) ', '', 'Hotal parwan ', 'Fayaz ', '0730554862', '2021-04-14 21:04:14', '2021-04-15 01:34:14', 16, 'linked to meesagh pharma '),
(80, 'Next (PharmaOne Int. PVT Limited)', '0795300700', 'Shah Saheed Karte naw ', 'Gulab Rahman ', '0788737737', '2021-04-18 20:39:25', '2021-04-19 01:09:25', 16, ''),
(81, 'DPL (A.R Nutraceutical PHarma Pvt Ltd) ', '0784509710', 'Baraki, Parwan 2 ', 'Parvez ', '0786199023', '2021-04-25 11:36:11', '2021-04-25 06:36:11', 16, 'Diozin Sachet ORS'),
(82, 'Coral (Afghan Mark Pharma)  ', '0787540301', 'Chaman Hozori Istalif Business Center D4 shop 4th floor ', 'Naweed Masood ', '0730297968', '2021-04-18 21:25:57', '2021-04-19 01:55:57', 16, ''),
(83, 'Vega (Barkaly Whole Seller) ', '0766368970', 'Hotal Parwan ', 'Hamdullah ', '00000000', '2021-04-18 21:31:50', '2021-04-19 02:01:50', 16, ''),
(84, 'Saydon ( Farda Pharma Ltd )', '0749510052', '1st Street Shah-Shaheed, Kabul ', 'Mustafa ', '0783517190', '2021-04-18 21:37:05', '2021-04-19 02:07:05', 16, 'A-sec '),
(85, 'Nexus Pharma Pvt Ltd ', '0787574781', 'Shah Shaheed ', 'Unknown ', '00000000', '2021-04-30 22:56:47', '2021-05-01 03:26:47', 16, '10 Susp Levilox ( levoflaxacine ) 95af '),
(86, 'Synkorp Labs LTD ', '0781297575', 'Traffic Square, 1st street Kolola Poshta, oposit of tolo-e-aftab University, kabul ', 'Shukrullah ', '0788548483', '2021-05-05 19:40:23', '2021-05-06 00:10:23', 16, ''),
(87, 'DeMont (Rihan Israr Trading Company ) ', '0789096518', '3rd Street Shah Shaheed Nawabad Road ', 'Jaweed Khan ', '0782466205', '2021-05-05 19:46:56', '2021-05-06 00:16:56', 16, ''),
(88, 'Shaheen Pharmacuticals (Aimal Mohammadi LTD )', '0786856688', '500 Family Kabul', 'Noor Zay Sales Man  ', '0730107121', '2021-05-23 21:14:42', '2021-05-24 01:44:42', 16, ''),
(89, 'RG Pharmaceutical (Mal Pharma Ltd)', '0786152786', '1st Street Shah-Shaheed, Kabul ', 'Habib Azemi ', '00000000', '2021-05-24 18:44:23', '2021-05-24 23:14:23', 16, 'Colibid 7.5ml Drops '),
(90, 'Maple Pharmaceuticals LTd ( Zahir Hadrogul Trading', '0784011431', 'Salang Watt kabul ', 'Saifullah ', '0780824967', '2021-05-30 23:18:12', '2021-05-31 03:48:12', 16, 'Monis and Femol Tablets '),
(91, 'OBS (Oxus Life searle Division-1) ', '0705180900', 'Shah Saheed Karte naw ', 'Khaliq Yar ', '00000000', '2021-06-01 21:43:47', '2021-06-02 02:13:47', 16, 'DeCadran ing '),
(92, 'Sain (Abshar Pharma Sain PH )', '0786951951', '3rd floor of Qadir Bakhhi Medicines Market Hotal Parwan ', 'Aisha ', '0786479646', '2021-06-08 05:29:37', '2021-06-08 00:29:37', 16, 'Hematinic syp and cap \r\n0730955133 Moh Dawod'),
(93, 'Theon ( Abshar Pharma ltd ) ', '0786479646', 'Qadir Bakhshi Medical Market 3rd floor Hotal Parwan ', 'Saraj ', '0789510205', '2021-06-07 20:07:30', '2021-06-08 00:37:30', 16, 'Theofix 200mg theodoxy 100mg '),
(94, 'Albert Pharma PVT LTD', '0781432828', 'Kote Sange Kabul ', 'Hasibullah ', '0789049569', '2021-06-29 04:54:32', '2021-06-28 23:54:32', 16, '0780200406'),
(95, 'High Q (Pharmaone International Ltd) ', '0202412757', 'Shah Saheed Karte naw ', 'Fardin ', '00000000', '2021-06-27 02:46:50', '2021-06-27 07:16:50', 16, ''),
(96, 'MSN ( Moheb Irshad Ltd Pharma ) ', '', 'Karte-e-Naw, Kabul ', 'Yaqub Kahan ', '0785676709', '2021-06-30 22:55:00', '2021-07-01 03:25:00', 16, '250 DDR 30mg 235af with 250 bonus '),
(97, 'Pharmatec ( Etemad Musle Ltd , Sahnawaz Interprisi', '', '0202400921', 'Unknown ', '0000000', '2021-07-12 20:35:23', '2021-07-13 01:05:23', 16, ''),
(98, 'Scilife ( Haroon Yaser Ltd )', '0796989405', 'Karte-e-Naw, Kabul ', 'Shabir ', '0785109145', '2021-07-16 22:24:18', '2021-07-17 02:54:18', 16, 'Shohaib sales man 0785161542 '),
(99, 'Athens Pharma Ltd ', '0788284575', 'Hotal Parwan ', 'Bashir ', '0775690043', '2021-08-02 23:38:27', '2021-08-03 04:08:27', 16, 'Athcobal Cap '),
(100, 'dr. morepen (Arafat Arsalan ltd)', '0000000', 'hotel parwan , khairkhana ', 'Jamshid ', '0773471058', '2021-08-10 03:08:10', '2021-08-10 07:38:10', 16, 'Caciquick D3 Short Date 1*2'),
(101, 'Ronald (Pacha Medicene whole saler)', '0795218686', 'Bostan Plaza shop 40, koteh sangi - kabul - afghanistan.', '', '0782313172', '2021-08-10 04:26:01', '2021-08-10 08:56:01', 18, 'Tab ceftax 200mg. gastrogect 40mg.'),
(102, 'NOSHER PHARMA', '0744711859', 'SARAK 3 PROJA TAIMANI', 'Zabihullah ', '0787495287', '2021-08-11 02:32:01', '2021-08-11 07:02:01', 18, '0787019901 SALES MAN TABISH.'),
(103, 'BAYER (ZIA MUJEEB LIMITED)', '0782220862', 'Qadir Bakhshi Medical Market 3nd floor Hotal Parwan ', 'NAQIBULLAH', '00000000', '2021-09-14 23:55:04', '2021-09-15 04:25:04', 19, ''),
(104, 'Gets', 'Onyx pharma', 'Baraki, ', 'Jalil Ahmad (Ahmadi)', '782688788', '2021-10-30 00:29:08', '2021-10-30 04:59:08', 19, ''),
(107, 'Adris  Azizi. LTD ', '', 'Bostan  Plaza Merwais Maidan Kabul AFG', '', '0784077772', '2021-11-17 18:45:36', '2021-11-17 23:15:36', 19, ''),
(108, 'GT Pharma Fazal Jameel Mangal', '0788588388', 'Kabul', 'unknown', ']', '2022-03-06 11:16:59', '2022-03-06 05:16:59', 19, ''),
(109, 'Sahil Ayoubi LTD', '', '', '', '0780369747', '2021-12-19 19:01:40', '2021-12-19 23:31:40', 19, '');

-- --------------------------------------------------------

--
-- Table structure for table `company_meds`
--

CREATE TABLE `company_meds` (
  `med_id` int(100) NOT NULL,
  `med_name` varchar(50) NOT NULL,
  `gen_name` varchar(50) NOT NULL,
  `manufacture_date` datetime(6) NOT NULL,
  `expiry_date` datetime(6) NOT NULL,
  `quantity` int(50) NOT NULL,
  `Price` int(255) NOT NULL,
  `Company_id` int(255) NOT NULL,
  `invoice_id` int(100) NOT NULL,
  `type` varchar(10) NOT NULL,
  `created_at` datetime(6) NOT NULL
) ENGINE=InnoDB DEFAULT CHARSET=utf8mb4;

-- --------------------------------------------------------

--
-- Table structure for table `credit`
--

CREATE TABLE `credit` (
  `bill_id` int(50) NOT NULL,
  `bill_no` int(50) NOT NULL,
  `amount` int(50) NOT NULL,
  `company_id` int(50) NOT NULL,
  `created_at` timestamp(6) NOT NULL DEFAULT current_timestamp(6),
  `detail` text NOT NULL
) ENGINE=InnoDB DEFAULT CHARSET=utf8mb4;

--
-- Dumping data for table `credit`
--

INSERT INTO `credit` (`bill_id`, `bill_no`, `amount`, `company_id`, `created_at`, `detail`) VALUES
(13, 7575, 1500, 5, '2020-12-03 06:16:07.919647', 'paied'),
(14, 3183, 500, 6, '2020-12-03 06:20:03.622979', 'paid '),
(15, 13137, 1500, 7, '2020-12-03 06:29:08.005421', ''),
(16, 5612, 1000, 18, '2020-12-07 08:48:43.300574', ''),
(17, 124, 3500, 17, '2020-12-07 08:51:45.109437', 'paid on invoice Number 124'),
(18, 4693, 1500, 19, '2020-12-07 10:48:34.654778', 'Their Account is in caldar converted with 50 rupes '),
(19, 311, 1500, 10, '2020-12-07 10:51:06.979906', ''),
(20, 8435, 500, 20, '2020-12-07 11:12:06.239201', ''),
(21, 8615, 1000, 20, '2020-12-07 11:12:25.525222', ''),
(22, 596, 1500, 13, '2020-12-07 11:14:26.136166', ''),
(23, 4310, 500, 21, '2020-12-07 11:20:10.744433', ''),
(24, 25042, 1500, 23, '2020-12-07 12:02:37.680107', ''),
(25, 1719, 1500, 26, '2020-12-09 10:00:41.814483', ''),
(26, 2894, 4000, 16, '2020-12-09 10:05:52.544182', ''),
(27, 1162, 6000, 17, '2020-12-09 10:35:02.752908', ''),
(28, 600, 1100, 13, '2020-12-09 11:05:59.143490', ''),
(29, 888, 1000, 15, '2020-12-10 07:36:07.032036', ''),
(30, 2312, 4000, 24, '2020-12-10 07:37:31.359335', ''),
(31, 61634, 1500, 28, '2020-12-10 09:02:21.938661', ''),
(32, 3378, 500, 29, '2020-12-10 09:20:53.727443', ''),
(33, 1, 1000, 30, '2020-12-10 09:25:53.465400', ''),
(34, 12973, 500, 11, '2020-12-10 09:45:45.886601', ''),
(35, 8371, 1000, 35, '2020-12-10 09:59:17.449770', ''),
(36, 13073, 2000, 22, '2020-12-10 10:06:00.769594', ''),
(37, 7813, 1000, 5, '2020-12-10 10:09:38.147178', ''),
(38, 8391, 1000, 5, '2020-12-10 10:10:07.424165', ''),
(39, 1352, 2000, 37, '2020-12-10 10:32:28.331044', ''),
(40, 185, 500, 38, '2020-12-10 10:43:50.198113', ''),
(42, 6945, 1000, 41, '2020-12-10 11:27:15.107480', ''),
(43, 2748, 500, 42, '2020-12-10 11:30:44.211373', ''),
(44, 6748, 3000, 8, '2020-12-10 11:45:30.307434', '39$'),
(45, 892, 1000, 14, '2020-12-10 11:47:11.187081', ''),
(46, 16532, 1000, 12, '2020-12-12 05:44:31.542181', ''),
(47, 1, 1500, 34, '2020-12-12 09:29:13.183742', ''),
(48, 8765, 3000, 25, '2020-12-12 10:19:47.085956', ''),
(49, 927, 1000, 13, '2020-12-12 11:46:14.828594', ''),
(50, 1, 1400, 28, '2020-12-13 12:12:47.292910', ''),
(51, 8641, 2000, 20, '2020-12-14 10:14:54.631447', ''),
(52, 4718, 200, 19, '2020-12-14 10:18:08.070005', ''),
(53, 394, 2000, 10, '2020-12-14 10:55:25.638397', ''),
(54, 931, 2500, 13, '2020-12-14 11:05:38.932787', ''),
(55, 4358, 1000, 21, '2020-12-14 11:12:55.199386', ''),
(56, 25378, 1000, 23, '2020-12-14 11:48:06.855070', ''),
(57, 1657, 1410, 47, '2020-12-14 11:54:06.406303', 'paid in invoice '),
(58, 18324, 750, 33, '2020-12-15 09:58:42.494370', ''),
(59, 1179, 7000, 17, '2020-12-16 10:49:45.981822', ''),
(60, 1738, 1000, 26, '2020-12-16 11:27:32.317599', ''),
(61, 12990, 500, 11, '2020-12-17 08:50:26.177263', ''),
(62, 13209, 1000, 22, '2020-12-17 08:51:05.977947', ''),
(63, 2689, 500, 45, '2020-12-17 08:52:18.610647', ''),
(64, 5336, 3000, 34, '2020-12-17 08:55:26.006983', ''),
(65, 817, 1000, 15, '2020-12-17 08:56:15.722764', ''),
(66, 1657, 500, 48, '2020-12-17 08:59:22.842398', ''),
(67, 7971, 1500, 49, '2020-12-17 09:05:47.887383', ''),
(68, 62009, 1000, 28, '2020-12-17 09:25:23.555904', ''),
(69, 2764, 500, 42, '2020-12-17 09:28:04.037167', ''),
(70, 2978, 3000, 16, '2020-12-17 09:51:35.604392', ''),
(71, 5913, 1000, 35, '2020-12-17 10:07:20.580619', ''),
(72, 8784, 2000, 25, '2020-12-17 10:20:38.727384', ''),
(73, 6300, 1000, 40, '2020-12-17 10:25:57.350269', ''),
(74, 1314, 2000, 51, '2020-12-17 10:44:27.609611', ''),
(75, 3386, 500, 29, '2020-12-17 10:50:07.779634', ''),
(76, 6957, 500, 41, '2020-12-17 11:00:28.965219', ''),
(77, 18343, 1000, 33, '2020-12-17 11:01:48.890408', ''),
(78, 2324, 3000, 24, '2020-12-17 11:12:02.285712', ''),
(79, 205, 500, 38, '2020-12-17 11:12:45.463596', ''),
(80, 1373, 2000, 37, '2020-12-17 11:38:05.308269', ''),
(81, 8728, 1500, 31, '2020-12-17 11:38:41.658209', ''),
(82, 3083, 500, 6, '2020-12-17 11:39:45.579425', ''),
(83, 5565, 8200, 8, '2020-12-17 11:45:45.223715', ''),
(84, 20894, 5000, 47, '2020-12-19 11:52:25.835502', ''),
(85, 3397, 1500, 29, '2020-12-22 10:25:23.991778', ''),
(86, 16760, 2000, 12, '2020-12-22 10:26:45.959924', ''),
(87, 2779, 1000, 42, '2020-12-22 10:28:38.388598', ''),
(88, 14712, 500, 7, '2020-12-22 10:30:18.301455', ''),
(89, 16382, 1850, 47, '2020-12-22 10:32:07.587769', 'Paied One invoice '),
(90, 20620, 2181, 14, '2020-12-23 11:08:41.666807', 'Paied on invoice '),
(91, 20659, 1517, 14, '2020-12-23 11:13:10.054409', ''),
(92, 16416, 3070, 47, '2020-12-23 11:14:45.883047', 'Paied On invoice '),
(93, 1195, 5000, 17, '2020-12-23 11:58:55.584357', ''),
(94, 1957, 1000, 26, '2020-12-23 12:02:30.055717', ''),
(95, 6801, 1500, 40, '2020-12-24 06:43:52.810624', ''),
(96, 1330, 2000, 51, '2020-12-24 06:55:07.805847', ''),
(97, 7875, 500, 5, '2020-12-24 06:56:19.535465', ''),
(98, 62033, 1500, 28, '2020-12-24 09:39:12.322377', ''),
(99, 2380, 500, 32, '2020-12-24 11:28:31.667262', ''),
(100, 2328, 4000, 24, '2020-12-24 11:32:44.944873', ''),
(101, 13246, 2000, 22, '2020-12-24 11:35:18.560021', ''),
(102, 8859, 1000, 31, '2020-12-24 11:38:20.812843', ''),
(103, 3400, 1000, 29, '2020-12-24 11:39:23.788367', ''),
(104, 293, 500, 52, '2020-12-24 12:00:06.208888', ''),
(106, 7997, 1000, 49, '2020-12-24 12:04:45.544565', ''),
(107, 8853, 4000, 25, '2020-12-24 12:05:32.637548', ''),
(108, 902, 500, 50, '2020-12-24 12:07:48.421369', ''),
(109, 1381, 2000, 37, '2020-12-24 12:08:46.026542', ''),
(110, 4755, 3500, 34, '2020-12-24 12:10:00.321372', ''),
(111, 6049, 1500, 16, '2020-12-24 12:10:52.346290', ''),
(112, 8381, 1000, 35, '2020-12-24 12:12:02.813246', ''),
(113, 1567, 500, 53, '2020-12-24 12:16:20.826492', ''),
(114, 6973, 1000, 41, '2020-12-24 12:22:03.630020', ''),
(115, 228, 1000, 38, '2020-12-24 12:23:10.037734', ''),
(116, 838, 500, 15, '2020-12-26 06:17:36.552023', ''),
(117, 238, 1140, 54, '2020-12-26 06:23:01.417412', 'Paied on invoice '),
(118, 1347, 1000, 36, '2020-12-26 10:20:34.388026', ''),
(119, 12186, 500, 56, '2020-12-26 10:31:32.289033', ''),
(120, 21068, 5000, 47, '2020-12-26 11:49:11.518768', ''),
(121, 20744, 906, 14, '2020-12-29 07:52:21.065616', 'Paied on invoice '),
(122, 6550, 800, 59, '2020-12-29 08:00:04.434150', 'paid on invoice '),
(123, 973, 2000, 13, '2020-12-29 08:23:00.589823', ''),
(124, 5059, 1000, 21, '2020-12-29 08:24:21.805964', ''),
(125, 4824, 1000, 19, '2020-12-29 08:25:30.961409', ''),
(126, 539, 3000, 10, '2020-12-29 08:34:02.580000', ''),
(127, 8841, 1500, 20, '2020-12-29 08:34:56.500421', ''),
(128, 5676, 1000, 18, '2020-12-29 08:35:33.437527', ''),
(129, 16783, 1000, 12, '2020-12-29 08:36:18.886461', ''),
(130, 1043, 1000, 60, '2020-12-29 08:48:13.405279', ''),
(131, 2800, 500, 42, '2020-12-30 05:15:25.002059', ''),
(133, 1359, 5000, 17, '2020-12-30 10:55:55.758056', ''),
(134, 233, 2025, 42, '2020-12-30 11:00:25.508206', ''),
(135, 1969, 1000, 26, '2020-12-30 11:27:41.323155', ''),
(136, 6100, 3000, 16, '2020-12-31 12:09:08.525810', ''),
(137, 1397, 2000, 37, '2020-12-31 12:09:54.989289', ''),
(138, 244, 1000, 38, '2020-12-31 12:10:31.348341', ''),
(139, 2331, 3000, 24, '2020-12-31 12:11:02.507956', ''),
(140, 3233, 500, 6, '2020-12-31 12:11:49.179264', ''),
(141, 8390, 1000, 35, '2020-12-31 12:12:27.482032', ''),
(142, 13333, 2000, 22, '2020-12-31 12:13:18.368912', ''),
(143, 21272, 4000, 47, '2021-01-02 11:22:32.340847', ''),
(144, 5104, 1000, 21, '2021-01-04 11:58:53.861718', ''),
(145, 1984, 1500, 26, '2021-01-04 11:59:33.701576', ''),
(146, 587, 2000, 10, '2021-01-04 12:01:56.828060', ''),
(147, 25794, 2000, 23, '2021-01-04 12:02:50.988264', ''),
(148, 16925, 2000, 12, '2021-01-04 12:03:26.847328', ''),
(149, 994, 2000, 13, '2021-01-04 12:04:04.501256', ''),
(150, 4847, 2000, 19, '2021-01-04 12:04:42.099075', ''),
(151, 1505, 1030, 36, '2021-01-04 12:05:24.117486', ''),
(152, 5697, 500, 18, '2021-01-04 12:06:15.310424', ''),
(153, 8872, 2000, 20, '2021-01-04 12:06:53.067862', ''),
(154, 232, 1116, 54, '2021-01-04 12:11:11.918081', ''),
(155, 21009, 2181, 14, '2021-01-04 12:20:43.260492', ''),
(156, 1586, 500, 53, '2021-01-04 12:23:20.761674', ''),
(157, 1978, 3000, 8, '2021-01-04 12:24:26.937648', ''),
(158, 8878, 3000, 25, '2021-01-04 12:25:08.837999', ''),
(159, 6986, 500, 41, '2021-01-04 12:34:03.203784', ''),
(160, 6805, 1000, 40, '2021-01-04 12:35:28.435682', ''),
(161, 3415, 1000, 29, '2021-01-04 12:36:09.599297', ''),
(162, 573, 500, 52, '2021-01-04 12:37:39.668275', ''),
(163, 986, 1000, 13, '2021-01-04 12:38:17.116612', ''),
(165, 4768, 4000, 34, '2021-01-04 12:39:59.382741', ''),
(166, 10314, 1000, 5, '2021-01-04 12:40:38.771562', ''),
(167, 26153, 1000, 28, '2021-01-04 12:41:17.987326', ''),
(168, 5121, 1000, 11, '2021-01-04 12:42:41.482437', ''),
(169, 1371, 1565, 36, '2021-01-04 12:43:51.193020', ''),
(170, 8882, 500, 31, '2021-01-04 12:44:38.038667', ''),
(171, 13414, 500, 7, '2021-01-04 12:46:26.482777', ''),
(172, 2718, 500, 61, '2021-01-04 12:54:25.325501', ''),
(173, 1374, 5000, 17, '2021-01-06 09:09:10.998795', ''),
(174, 8325, 1000, 59, '2021-01-06 09:59:54.666124', ''),
(175, 1, 1000, 59, '2021-01-06 10:00:22.379115', ''),
(176, 3319, 1000, 42, '2021-01-06 10:01:45.808005', ''),
(177, 9003, 3000, 25, '2021-01-07 09:22:08.431782', ''),
(178, 62184, 2000, 28, '2021-01-07 09:24:27.723958', ''),
(179, 165, 882, 24, '2021-01-07 09:26:20.442463', 'Returnee '),
(180, 689, 2000, 15, '2021-01-07 09:26:54.857505', ''),
(181, 2055, 1000, 53, '2021-01-07 09:28:02.164439', ''),
(182, 2336, 5000, 24, '2021-01-07 09:30:54.162581', ''),
(183, 21140, 907, 14, '2021-01-07 09:32:35.392759', 'Paid on invoice '),
(184, 21010, 1819, 14, '2021-01-07 09:34:04.370607', ''),
(185, 18866, 1500, 33, '2021-01-07 09:36:17.089808', ''),
(186, 218, 4210, 17, '2021-01-07 09:39:15.634840', 'paid on invoice '),
(187, 11539, 1200, 28, '2021-01-07 09:45:17.818577', 'paid on invoice '),
(188, 2006, 2000, 37, '2021-01-07 10:14:14.602888', ''),
(189, 1705, 500, 48, '2021-01-07 10:15:03.820217', ''),
(190, 10341, 1000, 5, '2021-01-07 10:15:56.002968', ''),
(191, 4778, 3000, 34, '2021-01-07 10:23:10.115910', ''),
(192, 6807, 1000, 40, '2021-01-07 10:36:52.331663', ''),
(193, 8401, 1000, 35, '2021-01-07 10:45:59.443143', ''),
(194, 6146, 4000, 16, '2021-01-07 10:48:31.049774', ''),
(195, 3336, 500, 42, '2021-01-07 11:28:54.292786', ''),
(196, 13526, 2000, 22, '2021-01-07 11:30:37.463310', ''),
(197, 9076, 1500, 31, '2021-01-07 11:39:03.225823', ''),
(198, 4783, 2000, 8, '2021-01-07 11:40:16.166545', ''),
(199, 8090, 1000, 49, '2021-01-07 12:07:04.267091', ''),
(200, 263, 500, 38, '2021-01-07 12:08:03.977241', ''),
(201, 3261, 500, 6, '2021-01-07 12:25:50.006992', ''),
(202, 2065, 2610, 53, '2021-01-10 08:31:58.051291', ''),
(203, 16657, 2660, 47, '2021-01-10 08:39:54.266145', ''),
(204, 1388, 6670, 17, '2021-01-11 05:25:07.119390', ''),
(205, 11, 500, 35, '2021-01-11 05:27:44.533902', ''),
(206, 838, 1270, 48, '2021-01-12 09:23:31.890483', ''),
(207, 5157, 1000, 21, '2021-01-12 09:24:23.535753', ''),
(208, 1096, 1000, 60, '2021-01-12 09:25:09.865016', ''),
(209, 1417, 2500, 13, '2021-01-12 09:25:37.446114', ''),
(210, 17122, 2000, 12, '2021-01-12 09:26:04.929775', ''),
(211, 25940, 2000, 23, '2021-01-12 09:26:50.018437', ''),
(212, 8908, 2000, 20, '2021-01-12 09:27:24.159454', ''),
(213, 666, 1500, 10, '2021-01-12 09:28:06.770216', ''),
(214, 2541, 1000, 32, '2021-01-12 09:28:35.773960', ''),
(215, 2352, 5000, 24, '2021-01-12 09:29:11.829420', ''),
(216, 4869, 2000, 19, '2021-01-12 09:29:49.848351', ''),
(217, 21947, 2060, 33, '2021-01-12 09:30:55.319547', ''),
(218, 1392, 5000, 17, '2021-01-13 10:44:22.062268', ''),
(219, 2079, 2610, 53, '2021-01-13 12:22:05.473655', ''),
(220, 2405, 1000, 26, '2021-01-13 12:40:48.369667', ''),
(221, 17163, 2500, 12, '2021-01-18 06:54:31.528185', ''),
(222, 4478, 2630, 63, '2021-01-18 06:59:54.319503', ''),
(223, 21494, 907, 14, '2021-01-18 09:10:18.964135', ''),
(224, 1456, 5000, 17, '2021-01-19 05:47:11.759557', ''),
(225, 724, 1500, 10, '2021-01-19 05:48:03.112322', ''),
(226, 4891, 500, 19, '2021-01-19 05:49:46.486416', ''),
(227, 5199, 500, 21, '2021-01-19 05:50:28.323788', ''),
(228, 8935, 2000, 20, '2021-01-19 05:51:07.058758', ''),
(229, 18893, 2000, 33, '2021-01-19 05:52:50.025575', ''),
(230, 2896, 1000, 53, '2021-01-19 05:53:47.727866', ''),
(231, 5754, 1000, 18, '2021-01-19 06:02:23.028285', ''),
(232, 1763, 1500, 45, '2021-01-19 06:05:16.811860', ''),
(233, 16912, 2400, 28, '2021-01-19 06:22:31.496904', ''),
(234, 3369, 1000, 42, '2021-01-19 10:53:47.943033', ''),
(235, 2417, 2000, 26, '2021-01-20 12:49:45.086279', ''),
(236, 2344, 5000, 24, '2021-01-21 06:45:02.171485', ''),
(237, 1457, 5000, 17, '2021-01-21 06:45:58.998689', ''),
(238, 311, 1320, 54, '2021-01-21 06:49:19.310709', ''),
(239, 8399, 1000, 35, '2021-01-21 09:26:50.708825', ''),
(240, 2026, 2500, 37, '2021-01-21 11:47:02.739487', ''),
(241, 3302, 500, 6, '2021-01-21 11:48:01.300884', ''),
(242, 6246, 3500, 16, '2021-01-21 12:02:31.286793', ''),
(243, 3384, 1000, 42, '2021-01-21 12:04:55.416834', ''),
(244, 305, 700, 38, '2021-01-21 12:06:58.636533', ''),
(245, 3952, 4000, 8, '2021-01-21 12:07:40.826881', ''),
(246, 5405, 2000, 34, '2021-01-21 12:09:01.103440', ''),
(247, 6811, 1500, 40, '2021-01-21 12:11:14.597300', ''),
(248, 3448, 1000, 29, '2021-01-23 05:41:51.866487', ''),
(249, 7609, 3000, 43, '2021-01-23 05:49:13.535142', ''),
(250, 13745, 2500, 22, '2021-01-23 05:51:39.552579', ''),
(251, 5172, 1500, 11, '2021-01-23 05:53:37.626717', ''),
(252, 2363, 500, 50, '2021-01-23 05:54:15.905114', ''),
(253, 9046, 3000, 25, '2021-01-23 05:57:06.080897', ''),
(254, 16935, 3000, 28, '2021-01-23 05:57:50.748709', ''),
(255, 7734, 700, 41, '2021-01-23 05:58:32.721525', ''),
(256, 907, 1500, 48, '2021-01-23 06:01:01.513096', ''),
(257, 10405, 1000, 5, '2021-01-23 06:02:11.374432', ''),
(258, 8565, 500, 59, '2021-01-23 08:38:47.144016', ''),
(259, 9449, 1500, 31, '2021-01-23 08:39:38.337614', ''),
(260, 3922, 2000, 55, '2021-01-23 12:06:21.037424', ''),
(262, 14844, 1000, 7, '2021-01-23 12:13:25.902018', ''),
(263, 1320, 1320, 54, '2021-01-23 12:16:53.307278', ''),
(264, 1540, 2060, 36, '2021-01-23 12:18:38.058551', ''),
(265, 3345, 2000, 61, '2021-01-23 12:21:55.020915', ''),
(266, 1443, 2000, 13, '2021-01-23 12:29:42.132288', ''),
(267, 3369, 1000, 42, '2021-01-23 12:30:38.553706', ''),
(268, 189, 2700, 9, '2021-01-23 12:34:35.413340', ''),
(270, 6810, 500, 40, '2021-01-23 12:37:36.489470', ''),
(271, 26, 1000, 30, '2021-01-23 12:38:12.296873', ''),
(272, 1464, 2500, 13, '2021-01-25 10:34:48.991809', ''),
(273, 787, 3000, 10, '2021-01-25 10:35:29.431502', ''),
(274, 5797, 1000, 18, '2021-01-25 10:37:29.285964', ''),
(275, 21745, 2208, 14, '2021-01-25 10:39:10.406051', ''),
(277, 17194, 1000, 12, '2021-01-25 10:42:26.178085', ''),
(278, 6253, 4000, 16, '2021-01-25 10:46:31.114399', ''),
(279, 5013, 1000, 19, '2021-01-25 11:02:51.672804', ''),
(280, 587, 500, 52, '2021-01-25 11:04:18.104929', ''),
(281, 9246, 3050, 64, '2021-01-25 11:11:31.522903', 'Paid on invoice '),
(282, 21393, 4363, 14, '2021-01-25 11:13:03.890865', 'Paid On invoice '),
(283, 21348, 1511, 14, '2021-01-25 11:14:01.475316', ''),
(284, 3206, 1400, 65, '2021-01-25 11:32:20.655395', ''),
(285, 5347, 1000, 21, '2021-01-25 11:34:25.229300', ''),
(286, 1108, 1400, 65, '2021-01-25 11:35:31.012271', 'Paid on invoice '),
(287, 9065, 2500, 20, '2021-01-25 11:36:11.480173', ''),
(288, 3792, 500, 55, '2021-01-25 11:39:15.476670', ''),
(289, 11259, 1600, 64, '2021-01-25 11:51:22.330467', ''),
(290, 16948, 1850, 47, '2021-01-26 11:23:25.544996', ''),
(291, 7744, 1600, 41, '2021-01-27 05:48:36.570388', ''),
(292, 2441, 2000, 26, '2021-01-27 10:59:55.444969', ''),
(293, 1476, 5000, 17, '2021-01-27 11:00:24.734475', ''),
(294, 3828, 2820, 61, '2021-01-27 11:01:38.490268', ''),
(295, 0, 60, 61, '2021-01-27 11:01:55.933977', 'Correction '),
(296, 3217, 2815, 65, '2021-01-27 11:03:08.206739', ''),
(297, 1, 35, 65, '2021-01-27 11:03:23.006036', 'Correction '),
(298, 299, 5250, 17, '2021-01-27 11:06:32.972239', 'Paid on Bill '),
(299, 4778, 1500, 45, '2021-01-28 08:50:13.795159', ''),
(300, 2040, 2000, 37, '2021-01-28 12:05:28.558399', ''),
(301, 3462, 1000, 29, '2021-01-28 12:06:04.773542', ''),
(302, 381, 500, 52, '2021-01-28 12:06:44.452849', ''),
(303, 5899, 4000, 8, '2021-01-28 12:08:03.706384', ''),
(304, 8221, 1500, 49, '2021-01-28 12:08:33.868764', ''),
(305, 322, 500, 38, '2021-01-28 12:09:03.702535', ''),
(306, 13917, 2000, 22, '2021-01-28 12:09:36.744733', ''),
(307, 1369, 500, 58, '2021-01-28 12:10:10.511814', ''),
(308, 6814, 2000, 40, '2021-01-28 12:10:44.285870', ''),
(309, 5416, 3000, 34, '2021-01-28 12:12:09.584083', ''),
(310, 8584, 500, 59, '2021-01-28 12:12:59.035377', ''),
(311, 17064, 2000, 28, '2021-01-28 12:13:31.055098', ''),
(312, 9537, 1500, 31, '2021-01-28 12:13:59.300901', ''),
(313, 8411, 1000, 35, '2021-01-28 12:14:29.048661', ''),
(314, 10450, 1000, 5, '2021-01-28 12:29:45.342639', ''),
(315, 929, 1000, 48, '2021-01-28 12:31:12.936185', ''),
(316, 3398, 636, 42, '2021-01-28 12:31:50.241613', ''),
(317, 3325, 500, 6, '2021-01-30 05:00:53.025740', ''),
(318, 9168, 3000, 25, '2021-01-30 05:01:50.393872', ''),
(319, 4778, 1500, 45, '2021-01-30 05:02:44.224180', ''),
(320, 2469, 1000, 53, '2021-01-30 05:03:14.557130', ''),
(321, 13973, 500, 7, '2021-01-30 05:06:10.994142', ''),
(322, 21391, 4000, 47, '2021-01-30 11:15:55.664642', ''),
(323, 1707, 709, 68, '2021-01-31 05:57:46.245432', 'Paid on Invoice '),
(324, 2364, 1000, 50, '2021-01-31 05:58:32.135602', ''),
(325, 6301, 4000, 16, '2021-01-31 09:54:59.346996', ''),
(326, 21927, 907, 14, '2021-02-01 09:08:16.845951', 'Paid on invoice '),
(327, 5023, 2020, 43, '2021-02-01 09:10:17.173352', 'Paid on invoice '),
(328, 6021, 1000, 18, '2021-02-01 10:29:51.291358', ''),
(329, 1442, 3000, 51, '2021-02-02 08:27:11.109207', ''),
(330, 5030, 1000, 19, '2021-02-02 08:28:17.638825', ''),
(331, 5457, 1000, 21, '2021-02-02 08:28:56.153129', ''),
(332, 17453, 1500, 12, '2021-02-02 08:29:41.773034', ''),
(333, 26725, 2000, 23, '2021-02-02 08:30:25.625192', ''),
(334, 2959, 2000, 24, '2021-02-02 08:32:07.706634', ''),
(335, 1000, 1000, 35, '2021-02-02 11:05:52.340029', ''),
(336, 1725, 4675, 68, '2021-02-02 11:08:27.423806', ''),
(337, 786, 690, 65, '2021-02-02 11:10:42.344225', ''),
(338, 859, 3000, 10, '2021-02-02 11:17:33.564922', ''),
(339, 9097, 2500, 20, '2021-02-02 11:18:01.286558', ''),
(340, 312, 3500, 17, '2021-02-02 11:22:20.635930', ''),
(341, 2068, 2000, 26, '2021-02-03 11:33:59.692249', ''),
(342, 342, 2142, 54, '2021-02-03 11:36:57.636390', ''),
(343, 1491, 1500, 13, '2021-02-03 11:39:46.440540', ''),
(344, 1157, 1547, 37, '2021-02-03 11:43:19.511702', ''),
(346, 17344, 1510, 47, '2021-02-16 09:09:16.890584', 'paid on Invoice '),
(347, 27208, 2000, 23, '2021-02-16 09:09:50.879274', ''),
(348, 7782, 1500, 41, '2021-02-16 09:10:23.780733', ''),
(349, 2819, 1500, 53, '2021-02-16 09:11:20.490959', ''),
(350, 4583, 1000, 21, '2021-02-16 09:14:24.476052', ''),
(351, 17620, 1500, 12, '2021-02-16 09:15:00.812566', ''),
(352, 795, 2000, 15, '2021-02-16 09:15:48.563078', ''),
(353, 991, 3000, 10, '2021-02-16 09:16:15.446116', ''),
(354, 9252, 2500, 20, '2021-02-16 09:16:50.017921', ''),
(355, 6069, 500, 18, '2021-02-16 09:45:04.854452', ''),
(356, 6323, 2530, 25, '2021-02-16 09:47:24.988419', 'Paid on invoice '),
(357, 5127, 1100, 19, '2021-02-16 09:50:57.263601', ''),
(358, 3825, 1275, 21, '2021-02-16 09:52:51.838693', ''),
(359, 9205, 3000, 25, '2021-02-16 10:03:53.510258', ''),
(360, 1803, 2000, 11, '2021-02-16 10:06:06.698674', ''),
(361, 348, 500, 38, '2021-02-16 10:06:52.776713', ''),
(362, 2553, 2000, 37, '2021-02-16 10:07:51.769069', ''),
(363, 3358, 1200, 6, '2021-02-16 10:14:54.174620', ''),
(364, 19143, 2000, 33, '2021-02-16 10:15:37.265186', ''),
(365, 122, 1640, 70, '2021-02-16 10:19:40.320712', 'Paid on invoice '),
(366, 8245, 1000, 49, '2021-02-16 10:20:26.200597', ''),
(367, 399, 500, 52, '2021-02-16 10:21:04.911220', ''),
(368, 19085, 1000, 69, '2021-02-16 10:21:42.414457', ''),
(369, 3474, 500, 29, '2021-02-16 10:22:14.038927', ''),
(370, 7762, 500, 41, '2021-02-16 10:22:50.415687', ''),
(371, 9722, 2000, 8, '2021-02-16 10:23:39.771141', ''),
(372, 13946, 2000, 22, '2021-02-16 10:24:17.970135', ''),
(373, 17099, 2000, 28, '2021-02-16 10:24:44.771533', ''),
(374, 113, 3000, 34, '2021-02-16 10:25:25.917856', ''),
(375, 6818, 2000, 40, '2021-02-16 11:00:41.293844', ''),
(376, 1569, 500, 58, '2021-02-16 11:01:53.432735', ''),
(377, 9671, 1500, 31, '2021-02-16 11:02:24.659733', ''),
(378, 2964, 2000, 24, '2021-02-16 11:02:53.535226', ''),
(379, 1557, 5000, 17, '2021-02-16 11:03:26.170141', ''),
(380, 1767, 1000, 48, '2021-02-16 11:05:06.973332', ''),
(381, 756, 2500, 13, '2021-02-16 11:20:11.568783', 'Paid on invoice '),
(382, 6416, 4000, 16, '2021-02-17 10:41:02.466244', ''),
(383, 3834, 1000, 55, '2021-02-17 10:47:58.795395', ''),
(385, 2117, 1500, 26, '2021-02-17 13:33:37.040566', ''),
(386, 17436, 3500, 28, '2021-02-21 10:09:05.485518', ''),
(387, 1703, 4000, 17, '2021-02-21 10:12:23.004614', ''),
(388, 388, 2000, 38, '2021-02-21 10:15:50.273275', ''),
(389, 14451, 2000, 22, '2021-02-21 10:16:24.527758', ''),
(390, 1218, 3500, 16, '2021-02-21 10:16:57.259574', ''),
(391, 1827, 2000, 11, '2021-02-21 10:21:58.008551', ''),
(392, 344, 3291, 8, '2021-02-21 10:25:36.055018', ''),
(393, 1264, 2000, 13, '2021-02-23 05:07:36.269210', ''),
(394, 4693, 1000, 21, '2021-02-23 05:11:39.501372', ''),
(395, 50, 2700, 72, '2021-02-23 05:16:37.964359', ''),
(396, 19561, 2000, 33, '2021-02-23 05:17:21.012096', ''),
(397, 19602, 2000, 69, '2021-02-23 05:17:54.511771', ''),
(398, 5142, 600, 19, '2021-02-23 05:19:28.143275', ''),
(399, 3402, 1000, 6, '2021-02-23 05:20:03.646084', ''),
(400, 51, 3000, 10, '2021-02-23 05:27:54.219884', ''),
(401, 27407, 2000, 23, '2021-02-23 05:28:39.602449', ''),
(402, 9291, 2000, 20, '2021-02-23 05:29:11.184810', ''),
(403, 17764, 1000, 12, '2021-02-23 05:29:41.455264', ''),
(404, 5908, 1000, 18, '2021-02-23 05:30:12.119236', ''),
(405, 766, 3500, 14, '2021-02-23 05:30:42.007828', ''),
(406, 22464, 1061, 14, '2021-02-23 05:34:25.349573', ''),
(407, 2825, 2500, 32, '2021-02-23 05:39:54.851978', ''),
(408, 2988, 5000, 24, '2021-02-23 05:40:31.811941', ''),
(409, 487, 1000, 52, '2021-02-23 11:45:19.529104', ''),
(410, 138, 3000, 34, '2021-02-23 11:45:51.884658', ''),
(411, 8405, 1000, 41, '2021-02-23 11:46:34.168807', ''),
(412, 416, 500, 38, '2021-02-27 06:04:15.576899', ''),
(413, 96, 1725, 38, '2021-02-27 06:05:46.623012', 'Deeclo 100mg Qty 15 Returned '),
(414, 1725, 920, 58, '2021-02-27 06:06:56.114072', 'Cleared '),
(415, 2580, 3500, 37, '2021-02-27 06:07:47.685252', ''),
(416, 1729, 4000, 17, '2021-02-27 06:08:20.674715', ''),
(417, 6185, 2772, 8, '2021-02-27 06:09:22.814258', ''),
(418, 5501, 2000, 45, '2021-02-27 06:10:19.166523', ''),
(419, 1763, 1500, 74, '2021-02-27 06:14:10.597307', 'Paid on bill '),
(420, 35, 1500, 15, '2021-02-27 06:14:56.353431', ''),
(421, 14389, 2000, 22, '2021-02-27 06:15:30.399736', ''),
(422, 19620, 2000, 69, '2021-02-27 06:16:06.721061', ''),
(423, 1840, 1500, 11, '2021-02-27 06:17:34.716490', ''),
(424, 10585, 1000, 5, '2021-02-27 06:23:15.181514', ''),
(425, 3501, 500, 29, '2021-02-27 06:23:49.160831', ''),
(426, 6514, 3500, 16, '2021-02-28 05:47:27.415096', ''),
(427, 402, 7710, 17, '2021-02-28 05:48:33.278925', ''),
(428, 6820, 1500, 40, '2021-02-28 05:51:01.158032', ''),
(429, 9333, 1500, 25, '2021-02-28 05:55:33.525801', ''),
(430, 9201, 500, 59, '2021-02-28 05:57:49.471123', ''),
(431, 1814, 500, 48, '2021-02-28 05:58:33.429815', ''),
(432, 17560, 2000, 28, '2021-02-28 05:59:11.161546', ''),
(433, 1403, 6000, 51, '2021-02-28 06:00:50.952927', ''),
(434, 2141, 1500, 26, '2021-02-28 06:01:46.106748', ''),
(435, 165, 1689, 70, '2021-02-28 06:14:51.979224', ''),
(436, 2849, 500, 53, '2021-02-28 06:16:48.785917', ''),
(437, 5571, 1000, 55, '2021-02-28 06:18:15.233683', ''),
(438, 2157, 3000, 74, '2021-02-28 06:24:44.056213', 'paid cash '),
(439, 3253, 1000, 53, '2021-02-28 06:25:39.699202', ''),
(440, 5402, 2828, 43, '2021-02-28 06:30:36.706471', ''),
(441, 703, 500, 52, '2021-03-01 12:34:36.766586', ''),
(442, 27652, 1500, 23, '2021-03-01 12:36:03.093508', ''),
(443, 4744, 1000, 21, '2021-03-01 12:37:14.187395', ''),
(444, 17576, 2000, 28, '2021-03-01 12:37:51.867135', ''),
(445, 9375, 3000, 20, '2021-03-01 12:40:00.257498', ''),
(446, 5073, 500, 19, '2021-03-01 12:40:31.727671', ''),
(447, 17783, 1000, 12, '2021-03-01 12:41:54.962999', ''),
(448, 103, 3000, 10, '2021-03-01 12:42:32.414395', ''),
(449, 2371, 1000, 50, '2021-03-01 12:43:08.908417', ''),
(450, 9343, 3000, 25, '2021-03-01 12:43:41.253713', ''),
(451, 5918, 1000, 18, '2021-03-01 12:44:16.514492', ''),
(452, 1842, 1500, 11, '2021-03-01 12:47:08.771341', ''),
(453, 22463, 4363, 14, '2021-03-02 11:12:40.846160', 'paid on bill'),
(454, 2999, 4000, 24, '2021-03-03 06:26:01.887237', ''),
(455, 1736, 30000, 17, '2021-03-03 06:40:58.891990', ''),
(456, 8380, 1500, 49, '2021-03-03 06:41:54.390801', ''),
(457, 1512, 2200, 24, '2021-03-03 08:49:55.603529', 'paid on invoice '),
(458, 9511, 3000, 25, '2021-03-07 07:46:15.459990', ''),
(459, 2377, 1000, 50, '2021-03-07 07:47:17.852150', ''),
(460, 6552, 3000, 16, '2021-03-07 07:49:04.705952', ''),
(461, 2952, 2500, 32, '2021-03-07 08:15:56.334935', ''),
(462, 3445, 500, 6, '2021-03-07 08:16:31.320569', ''),
(463, 431, 500, 38, '2021-03-07 08:17:02.866583', ''),
(464, 834, 2000, 8, '2021-03-07 08:18:24.994775', ''),
(465, 14471, 2000, 22, '2021-03-07 08:22:51.041191', ''),
(466, 12610, 1500, 56, '2021-03-07 08:23:51.870462', ''),
(467, 1604, 2500, 34, '2021-03-07 08:24:29.726795', ''),
(468, 21650, 1000, 71, '2021-03-07 08:25:11.682582', ''),
(469, 9218, 500, 59, '2021-03-07 08:25:41.476875', ''),
(470, 8436, 1000, 41, '2021-03-07 08:26:22.895268', ''),
(471, 2430, 1000, 36, '2021-03-07 08:26:58.069731', ''),
(472, 8429, 1000, 35, '2021-03-07 08:27:30.489138', ''),
(473, 3520, 1000, 29, '2021-03-07 08:27:58.179692', ''),
(474, 6823, 1500, 40, '2021-03-07 08:28:45.647609', ''),
(475, 56, 1000, 15, '2021-03-07 08:29:21.346002', ''),
(476, 10618, 1000, 5, '2021-03-07 08:30:08.266242', ''),
(477, 18, 1200, 72, '2021-03-07 08:33:06.976217', 'paid on invoice '),
(478, 19584, 2000, 33, '2021-03-07 08:33:49.873530', ''),
(479, 19639, 1500, 69, '2021-03-07 08:34:39.015168', ''),
(480, 11, 1000, 26, '2021-03-07 08:35:13.662742', ''),
(481, 5515, 2000, 45, '2021-03-07 08:48:55.158081', ''),
(482, 1296, 1500, 13, '2021-03-07 08:49:28.940436', ''),
(483, 5589, 1000, 55, '2021-03-07 08:52:02.949596', ''),
(484, 5303, 500, 19, '2021-03-08 11:39:57.869503', ''),
(485, 27698, 1000, 23, '2021-03-08 11:40:36.091027', ''),
(486, 17711, 3000, 28, '2021-03-08 11:41:08.759444', ''),
(487, 175, 3000, 10, '2021-03-08 11:41:37.474097', ''),
(488, 9451, 2500, 20, '2021-03-08 11:42:12.085010', ''),
(489, 5928, 500, 18, '2021-03-08 11:43:32.136642', ''),
(490, 2117, 1500, 13, '2021-03-08 11:46:21.086001', ''),
(491, 1432, 2000, 51, '2021-03-08 11:47:08.098946', ''),
(492, 4847, 600, 21, '2021-03-08 11:54:42.853420', ''),
(493, 2588, 3000, 37, '2021-03-09 10:50:28.962018', ''),
(494, 8399, 1500, 49, '2021-03-09 10:51:46.385899', ''),
(495, 17931, 1000, 12, '2021-03-09 11:27:28.548172', ''),
(496, 0, 5000, 24, '2021-03-11 09:45:43.473258', ''),
(497, 6824, 1500, 40, '2021-03-11 11:13:52.134415', ''),
(498, 2974, 2000, 32, '2021-03-13 08:23:54.660571', ''),
(499, 3655, 500, 53, '2021-03-13 08:24:26.914504', ''),
(500, 1836, 7000, 17, '2021-03-13 08:25:42.478989', ''),
(501, 83, 500, 41, '2021-03-13 08:26:33.454093', ''),
(502, 1622, 2000, 34, '2021-03-13 08:27:14.670927', ''),
(503, 996, 2000, 14, '2021-03-13 08:28:28.191781', ''),
(504, 5009, 1592, 63, '2021-03-13 08:30:04.148925', 'Paid on bill'),
(505, 14496, 2500, 22, '2021-03-13 08:30:43.883568', ''),
(506, 9820, 1000, 31, '2021-03-13 08:31:23.031479', ''),
(507, 3533, 1000, 29, '2021-03-13 08:32:29.678046', ''),
(508, 1541, 4000, 43, '2021-03-13 08:33:17.128168', ''),
(509, 21922, 2000, 71, '2021-03-13 08:34:11.792853', ''),
(510, 10663, 2000, 5, '2021-03-13 08:36:08.337193', ''),
(511, 2446, 500, 36, '2021-03-13 08:36:59.414704', ''),
(512, 202, 500, 75, '2021-03-13 08:38:59.242058', ''),
(513, 1, 1783, 75, '2021-03-13 08:40:20.436929', 'Returned meds Eurovit Cap '),
(514, 1839, 8750, 17, '2021-03-15 07:24:16.919317', ''),
(515, 870, 3500, 8, '2021-03-15 07:31:33.869934', ''),
(516, 2381, 500, 50, '2021-03-16 08:29:30.167617', ''),
(517, 2151, 1000, 13, '2021-03-16 08:36:32.086110', ''),
(518, 5929, 1000, 55, '2021-03-16 08:37:06.009750', ''),
(519, 229, 2000, 10, '2021-03-16 08:43:42.895204', ''),
(520, 9484, 2000, 20, '2021-03-16 08:44:58.417433', ''),
(521, 5329, 500, 19, '2021-03-16 08:45:32.206566', ''),
(522, 196, 2613, 70, '2021-03-16 08:48:18.566952', 'paid on invoice '),
(523, 1, 132, 70, '2021-03-16 08:48:48.533744', ''),
(524, 1657, 3020, 47, '2021-03-16 09:02:01.214342', 'Paid on bill - check the ladger for accourate account '),
(525, 1841, 500, 48, '2021-03-16 09:06:26.313374', ''),
(526, 9526, 1500, 25, '2021-03-16 09:07:00.011028', ''),
(527, 31, 1500, 26, '2021-03-16 09:07:31.370725', ''),
(528, 3453, 1500, 6, '2021-03-16 09:08:04.338537', ''),
(529, 9235, 650, 59, '2021-03-16 09:09:04.426850', ''),
(530, 18071, 1000, 12, '2021-03-18 05:13:52.685371', ''),
(531, 12, 500, 35, '2021-03-18 05:16:18.402662', 'paid on invoice '),
(532, 972, 8768, 26, '2021-03-18 05:19:34.762384', 'Returned bill '),
(533, 22859, 1000, 69, '2021-03-18 05:27:41.836684', ''),
(534, 14646, 3000, 22, '2021-03-27 06:10:43.360737', ''),
(535, 3509, 500, 6, '2021-03-27 06:11:26.373331', ''),
(536, 1473, 4000, 51, '2021-03-27 06:12:03.739284', ''),
(537, 472, 3000, 24, '2021-03-27 06:12:53.878369', ''),
(538, 3552, 1000, 29, '2021-03-27 06:13:26.423813', ''),
(539, 123, 1500, 15, '2021-03-27 06:14:01.139215', ''),
(540, 1645, 2000, 34, '2021-03-27 06:14:31.722155', ''),
(541, 5132, 1000, 63, '2021-03-27 06:15:17.554933', ''),
(542, 10705, 1000, 5, '2021-03-27 06:15:51.045428', ''),
(543, 22167, 1000, 71, '2021-03-27 06:17:43.338762', ''),
(544, 19884, 2000, 33, '2021-03-27 06:18:12.905640', ''),
(545, 19847, 1500, 69, '2021-03-27 06:20:07.804028', ''),
(546, 8465, 1000, 41, '2021-03-27 06:20:49.306466', ''),
(547, 217, 1000, 75, '2021-03-27 06:21:31.644083', ''),
(548, 2504, 1500, 37, '2021-03-27 06:22:10.970128', ''),
(549, 6826, 1000, 40, '2021-03-27 06:22:43.606602', ''),
(550, 2309, 1500, 13, '2021-03-27 06:23:09.417412', ''),
(551, 8442, 1000, 35, '2021-03-27 06:23:41.531119', ''),
(552, 1124, 2000, 14, '2021-03-27 06:24:12.250858', ''),
(553, 17874, 2500, 28, '2021-03-27 06:26:00.108729', ''),
(554, 10505, 1500, 31, '2021-03-27 06:26:38.082560', ''),
(555, 3609, 500, 36, '2021-03-27 06:27:08.804190', ''),
(556, 927, 500, 50, '2021-03-27 06:27:37.767964', ''),
(557, 9540, 3000, 25, '2021-03-27 06:28:09.431982', ''),
(558, 6600, 10000, 43, '2021-03-27 06:28:57.931770', ''),
(559, 2508, 4000, 17, '2021-03-27 06:32:34.502493', ''),
(560, 21046, 1500, 7, '2021-03-27 07:01:47.771169', ''),
(561, 6632, 4000, 16, '2021-03-27 07:06:26.784488', ''),
(562, 3680, 2000, 53, '2021-03-27 07:09:24.641564', ''),
(563, 18081, 1000, 12, '2021-03-27 07:18:25.226993', ''),
(564, 2598, 3000, 37, '2021-03-27 07:19:03.145537', ''),
(565, 1, 1500, 49, '2021-03-27 07:20:01.384086', ''),
(566, 734, 1000, 52, '2021-03-27 07:21:36.117011', ''),
(567, 1065, 1759, 76, '2021-03-27 07:27:00.270302', ''),
(568, 6674, 4000, 16, '2021-03-28 04:51:26.639370', ''),
(569, 22174, 2000, 71, '2021-03-28 04:52:26.417317', ''),
(570, 23020, 9000, 47, '2021-03-29 06:35:49.262494', ''),
(571, 27, 600, 72, '2021-03-29 06:41:36.736208', 'Paid on invoice '),
(572, 3619, 4000, 24, '2021-03-29 06:42:22.102494', ''),
(573, 2177, 1500, 13, '2021-03-29 12:47:58.525184', ''),
(574, 5767, 1000, 21, '2021-03-30 08:28:07.031374', ''),
(575, 310, 2000, 10, '2021-03-30 08:28:37.074298', ''),
(576, 28252, 2000, 23, '2021-03-30 08:29:12.176601', ''),
(577, 3033, 2000, 32, '2021-03-30 08:30:28.710528', ''),
(578, 9576, 2500, 20, '2021-03-30 08:31:04.217021', ''),
(579, 5357, 1000, 19, '2021-03-30 08:34:57.047749', ''),
(580, 7441, 2500, 8, '2021-04-01 12:19:05.170685', ''),
(581, 3562, 600, 29, '2021-04-01 12:20:02.962333', ''),
(582, 14831, 2000, 22, '2021-04-01 12:20:38.327151', ''),
(583, 157, 2000, 15, '2021-04-01 12:21:13.392204', ''),
(584, 1144, 2000, 14, '2021-04-01 12:21:53.519222', ''),
(585, 18174, 500, 12, '2021-04-01 12:23:06.794622', ''),
(586, 2158, 2000, 34, '2021-04-01 12:23:41.034177', ''),
(587, 10742, 1000, 5, '2021-04-01 12:24:18.717533', ''),
(588, 8449, 500, 35, '2021-04-01 12:25:03.491170', ''),
(589, 224, 500, 75, '2021-04-01 12:25:37.306878', ''),
(590, 1073, 793, 76, '2021-04-01 12:26:23.953133', ''),
(591, 481, 6000, 24, '2021-04-01 12:27:00.091174', ''),
(592, 9694, 500, 25, '2021-04-08 09:08:52.474910', ''),
(593, 21048, 500, 7, '2021-04-08 09:10:21.832985', ''),
(594, 5171, 500, 63, '2021-04-08 09:11:07.974153', ''),
(595, 103, 500, 77, '2021-04-08 09:24:18.590524', ''),
(596, 3635, 1000, 24, '2021-04-08 09:25:01.804846', ''),
(597, 2549, 2000, 17, '2021-04-08 09:26:51.414050', ''),
(598, 3632, 2000, 24, '2021-04-08 09:28:03.882588', ''),
(599, 6121, 1000, 45, '2021-04-08 09:28:35.415101', ''),
(600, 40, 1000, 49, '2021-04-08 09:32:28.491787', ''),
(601, 5725, 500, 21, '2021-04-08 09:35:22.677062', ''),
(602, 20123, 1000, 69, '2021-04-08 09:36:03.768221', ''),
(603, 1305, 500, 51, '2021-04-08 09:40:46.004454', ''),
(604, 18302, 500, 12, '2021-04-08 09:41:35.324154', ''),
(605, 28451, 1000, 23, '2021-04-08 09:42:06.537645', ''),
(606, 20262, 1000, 33, '2021-04-08 09:42:35.457236', ''),
(607, 9613, 1000, 20, '2021-04-08 09:43:04.210966', ''),
(608, 379, 1000, 10, '2021-04-08 09:43:31.457173', ''),
(609, 6142, 500, 18, '2021-04-08 09:44:01.422413', ''),
(610, 2324, 500, 13, '2021-04-08 09:44:30.470013', ''),
(611, 3123, 500, 32, '2021-04-08 09:50:35.224584', ''),
(612, 2386, 500, 50, '2021-04-08 09:51:21.374335', ''),
(613, 10528, 1500, 31, '2021-04-08 09:52:01.413372', ''),
(614, 6692, 6000, 16, '2021-04-08 09:54:33.333057', ''),
(615, 749, 500, 52, '2021-04-08 09:55:29.482986', ''),
(616, 9436, 1000, 59, '2021-04-08 10:00:58.471040', ''),
(617, 4052, 2000, 53, '2021-04-08 10:01:58.546518', ''),
(618, 475, 2000, 38, '2021-04-08 10:05:38.199166', ''),
(619, 11, 1500, 49, '2021-04-08 10:10:43.777178', ''),
(620, 10776, 500, 5, '2021-04-08 10:21:56.958239', ''),
(621, 8505, 500, 35, '2021-04-08 10:37:34.823305', ''),
(622, 1870, 5000, 24, '2021-04-14 08:13:48.690833', ''),
(623, 6773, 2000, 16, '2021-04-14 08:15:24.604590', ''),
(624, 454, 2000, 10, '2021-04-14 08:16:43.442024', ''),
(625, 5932, 1000, 21, '2021-04-14 08:17:23.510945', ''),
(626, 20284, 2000, 33, '2021-04-14 08:17:58.795931', ''),
(627, 20144, 1000, 69, '2021-04-14 08:18:33.801318', ''),
(628, 2688, 2097, 68, '2021-04-14 08:25:41.473716', ''),
(629, 251, 2745, 70, '2021-04-14 08:29:03.984739', 'Paid on invoice '),
(630, 28492, 1000, 23, '2021-04-14 08:29:41.165241', ''),
(631, 9642, 2500, 20, '2021-04-14 08:30:27.117297', ''),
(632, 9801, 1000, 59, '2021-04-15 05:55:47.066588', ''),
(633, 9801, 1000, 59, '2021-04-15 06:02:27.044301', 'remainning balance 5800'),
(634, 242, 1000, 75, '2021-04-15 06:24:10.099692', ''),
(635, 105, 2075, 77, '2021-04-15 06:24:44.873978', ''),
(636, 2578, 10000, 17, '2021-04-15 06:25:48.641110', ''),
(637, 1089, 2000, 76, '2021-04-15 06:26:35.986734', ''),
(638, 2355, 2000, 13, '2021-04-15 06:29:33.334526', ''),
(639, 22746, 8000, 47, '2021-04-15 06:30:09.261225', ''),
(640, 1328, 5000, 51, '2021-04-15 06:31:03.583728', ''),
(641, 18328, 500, 12, '2021-04-15 06:31:46.520400', ''),
(642, 138, 1607, 79, '2021-04-15 06:36:20.555613', 'paid on invoice '),
(643, 5192, 1000, 63, '2021-04-15 09:54:33.513144', ''),
(644, 9211, 1000, 41, '2021-04-17 05:10:21.222847', ''),
(645, 902, 2000, 15, '2021-04-17 05:11:10.245089', ''),
(646, 8507, 500, 35, '2021-04-17 05:11:48.846217', ''),
(647, 2620, 3000, 37, '2021-04-17 05:12:37.227117', ''),
(648, 2192, 1500, 34, '2021-04-17 05:13:12.646353', ''),
(649, 10675, 1000, 31, '2021-04-17 05:13:53.792675', ''),
(650, 15102, 2000, 22, '2021-04-17 05:14:37.343290', ''),
(651, 933, 1000, 50, '2021-04-17 05:15:33.905195', ''),
(652, 9714, 1500, 25, '2021-04-17 05:16:39.763905', ''),
(653, 20790, 1000, 71, '2021-04-17 05:17:17.063602', ''),
(654, 878, 1000, 52, '2021-04-17 05:18:29.015945', ''),
(655, 6950, 2000, 55, '2021-04-17 05:21:04.030576', ''),
(656, 6769, 4500, 16, '2021-04-17 05:21:45.340456', ''),
(657, 2007, 1800, 59, '2021-04-17 05:33:41.291372', 'paid on invoice '),
(658, 44, 900, 72, '2021-04-18 12:38:25.072592', 'paid on invoice '),
(659, 8505, 500, 35, '2021-04-19 05:59:39.599093', ''),
(660, 3581, 500, 29, '2021-04-19 06:00:15.265456', ''),
(661, 9701, 3000, 25, '2021-04-19 06:01:41.867500', ''),
(662, 1889, 1500, 11, '2021-04-19 06:02:28.076865', ''),
(663, 6791, 2000, 16, '2021-04-19 06:03:04.916702', ''),
(664, 9316, 4137, 80, '2021-04-19 06:15:10.212919', 'paid on bill '),
(665, 12471, 1600, 28, '2021-04-19 06:23:14.345186', 'paid on bill '),
(666, 579, 910, 81, '2021-04-19 06:28:07.927676', 'paid on bill '),
(667, 23720, 891, 48, '2021-04-19 06:40:45.148119', 'paid on bill '),
(668, 3628, 2168, 83, '2021-04-19 07:03:51.270298', ''),
(669, 3264, 1250, 84, '2021-04-19 07:09:18.797815', ''),
(670, 3048, 1000, 84, '2021-04-19 07:14:06.790422', ''),
(671, 2379, 1000, 13, '2021-04-19 10:33:28.587877', ''),
(672, 13365, 1000, 29, '2021-04-20 04:41:33.657407', 'paid on bill '),
(673, 23313, 1600, 33, '2021-04-20 04:43:29.796273', 'paid on bill '),
(674, 70, 1000, 49, '2021-04-21 06:37:26.246751', ''),
(675, 4414, 1000, 53, '2021-04-21 06:41:32.499022', ''),
(676, 3852, 1000, 29, '2021-04-22 09:06:18.547097', ''),
(677, 6075, 1500, 55, '2021-04-22 09:09:34.300958', ''),
(678, 1902, 500, 48, '2021-04-22 10:22:50.078294', ''),
(679, 277, 3801, 70, '2021-04-24 05:40:34.005434', 'paid on bill '),
(680, 602, 1340, 81, '2021-04-24 05:43:51.460029', 'paid on bill '),
(681, 22740, 1000, 7, '2021-04-24 05:46:43.588362', ''),
(682, 1356, 3000, 51, '2021-04-24 05:47:17.776926', ''),
(683, 1091, 809, 76, '2021-04-24 05:47:53.297432', ''),
(684, 2632, 3000, 37, '2021-04-24 05:49:27.988628', ''),
(685, 15131, 2000, 22, '2021-04-24 05:49:56.161414', ''),
(686, 5502, 2500, 84, '2021-04-24 05:51:38.085386', 'paid on bill '),
(687, 2815, 500, 36, '2021-04-24 05:52:16.108068', ''),
(688, 1179, 2000, 14, '2021-04-24 05:52:52.356450', ''),
(689, 936, 700, 50, '2021-04-24 05:53:30.201646', ''),
(690, 9967, 2000, 25, '2021-04-24 05:54:17.162426', ''),
(691, 3589, 500, 6, '2021-04-24 05:55:11.851894', ''),
(692, 28907, 500, 12, '2021-04-24 05:56:00.657847', ''),
(693, 2255, 1000, 34, '2021-04-24 05:58:42.484551', ''),
(694, 22555, 1000, 71, '2021-04-24 05:59:19.610646', ''),
(695, 10814, 1000, 5, '2021-04-24 05:59:48.852343', ''),
(696, 5785, 2000, 43, '2021-04-24 06:00:29.171429', ''),
(697, 5913, 500, 63, '2021-04-24 06:02:05.434884', ''),
(698, 2627, 1000, 17, '2021-04-24 06:05:30.369513', ''),
(699, 3157, 2500, 32, '2021-04-24 06:07:26.569445', ''),
(700, 8512, 500, 35, '2021-04-24 06:10:19.867512', ''),
(701, 18200, 2000, 28, '2021-04-24 06:11:54.597000', ''),
(702, 1027, 950, 82, '2021-04-24 06:12:35.635488', ''),
(703, 221, 2000, 15, '2021-04-24 06:13:10.862440', ''),
(704, 3648, 4000, 24, '2021-04-24 06:13:58.788916', ''),
(705, 467, 500, 26, '2021-04-24 06:15:23.755109', ''),
(706, 9775, 1000, 59, '2021-04-24 06:31:07.817474', ''),
(707, 3104, 6000, 24, '2021-04-25 04:52:47.054645', ''),
(708, 5625, 1600, 63, '2021-04-25 05:00:08.507218', 'paid on bill '),
(709, 886, 850, 52, '2021-04-25 05:01:36.106199', ''),
(710, 9237, 1000, 41, '2021-04-25 05:04:01.929853', ''),
(711, 3103, 10000, 24, '2021-04-25 05:04:34.410763', ''),
(712, 18212, 2000, 47, '2021-04-25 05:07:01.933064', 'paid on bill which was 1900 af'),
(713, 6830, 4000, 16, '2021-04-25 05:13:38.401632', ''),
(714, 12105, 1500, 7, '2021-04-25 05:20:05.952926', 'paid on bill '),
(715, 2395, 2000, 13, '2021-04-26 10:39:58.021017', ''),
(716, 1, 499, 21, '2021-04-26 11:46:20.815710', 'correction '),
(717, 6019, 1500, 21, '2021-04-27 05:07:48.997890', ''),
(718, 20532, 1000, 69, '2021-04-27 05:08:35.671277', ''),
(719, 20702, 2000, 33, '2021-04-27 05:09:09.018860', ''),
(720, 28920, 1000, 12, '2021-04-27 05:09:54.828628', ''),
(721, 28739, 1000, 23, '2021-04-27 05:10:52.330849', ''),
(722, 46, 2000, 10, '2021-04-27 05:12:50.228271', ''),
(723, 9797, 3000, 20, '2021-04-27 05:13:36.157226', ''),
(725, 6304, 500, 18, '2021-04-27 05:55:26.533434', ''),
(726, 68, 1000, 75, '2021-04-27 05:56:04.167790', ''),
(727, 1, 3050, 45, '2021-04-27 06:07:27.451476', ''),
(728, 487, 500, 26, '2021-04-27 13:02:31.254112', ''),
(729, 1905, 1500, 48, '2021-04-28 04:59:35.942081', ''),
(730, 250, 1000, 75, '2021-04-28 05:00:03.758752', ''),
(731, 1363, 3000, 51, '2021-04-28 05:02:16.695202', ''),
(732, 87, 1000, 49, '2021-04-28 05:02:51.983691', ''),
(733, 22569, 2000, 71, '2021-04-28 05:03:21.190636', ''),
(734, 5556, 1000, 19, '2021-04-28 05:07:51.471282', ''),
(735, 468, 889, 5, '2021-04-29 09:48:51.526625', 'Drop Procode Returnee '),
(736, 44, 0, 53, '2021-05-01 05:36:41.812316', ''),
(737, 4439, 1000, 53, '2021-05-01 05:36:59.345514', ''),
(738, 829, 1000, 57, '2021-05-01 05:41:01.666605', ''),
(739, 8514, 500, 35, '2021-05-01 05:41:29.945707', ''),
(740, 3181, 2000, 32, '2021-05-01 05:41:55.743180', ''),
(741, 3863, 1000, 29, '2021-05-01 05:42:25.000295', ''),
(742, 5938, 500, 63, '2021-05-01 05:43:00.895288', ''),
(743, 9253, 500, 41, '2021-05-01 05:43:35.365160', ''),
(744, 2709, 4000, 17, '2021-05-01 05:44:05.366495', ''),
(745, 5117, 1000, 43, '2021-05-01 05:44:49.437037', ''),
(746, 5104, 2500, 43, '2021-05-01 05:49:22.561356', ''),
(747, 1001, 1000, 14, '2021-05-01 05:49:59.200100', ''),
(748, 582, 500, 38, '2021-05-01 05:50:38.743150', ''),
(749, 15206, 2000, 22, '2021-05-01 05:51:15.873962', ''),
(750, 3611, 1500, 6, '2021-05-01 05:51:46.150094', ''),
(751, 2273, 1500, 34, '2021-05-01 08:15:04.101523', ''),
(752, 10838, 1000, 5, '2021-05-01 08:15:42.260690', ''),
(753, 9795, 600, 59, '2021-05-01 08:16:15.910985', ''),
(754, 9733, 3000, 25, '2021-05-01 08:16:52.707326', ''),
(755, 3111, 8500, 24, '2021-05-01 08:18:30.204694', ''),
(756, 18331, 3000, 28, '2021-05-01 08:19:11.143327', ''),
(757, 940, 500, 50, '2021-05-01 08:19:50.354534', ''),
(758, 263, 1500, 15, '2021-05-01 08:20:22.007211', ''),
(759, 20845, 1500, 7, '2021-05-01 08:20:59.964120', ''),
(760, 2638, 1500, 37, '2021-05-01 08:21:31.208030', ''),
(761, 895, 925, 52, '2021-05-01 08:23:16.505496', ''),
(763, 2839, 2000, 13, '2021-05-03 04:41:06.940795', ''),
(764, 779, 2549, 81, '2021-05-03 04:44:17.278014', ''),
(765, 2720, 5000, 17, '2021-05-03 04:45:05.489482', ''),
(766, 6876, 4000, 16, '2021-05-03 04:45:42.229438', ''),
(767, 5602, 650, 19, '2021-05-03 04:46:23.876795', ''),
(768, 3114, 1500, 24, '2021-05-03 04:46:50.381103', ''),
(769, 1918, 1000, 48, '2021-05-03 04:47:27.562819', ''),
(770, 24703, 1089, 14, '2021-05-03 04:52:45.751527', 'paid on bill '),
(771, 6327, 1278, 18, '2021-05-03 08:33:06.184197', ''),
(772, 28979, 1000, 23, '2021-05-03 12:38:55.847278', ''),
(773, 1, 1836, 23, '2021-05-03 12:39:41.282025', 'correction'),
(774, 1509, 2000, 60, '2021-05-03 13:00:08.971028', ''),
(775, 24101, 1500, 47, '2021-05-03 13:04:12.951013', ''),
(776, 18606, 300, 12, '2021-05-03 13:04:43.705507', ''),
(777, 1378, 4000, 51, '2021-05-03 13:05:13.458508', ''),
(778, 1050, 1900, 82, '2021-05-03 13:07:36.165495', ''),
(779, 6038, 1000, 21, '2021-05-03 13:08:25.044262', ''),
(780, 20546, 1000, 69, '2021-05-03 13:08:55.706368', ''),
(781, 125, 2500, 10, '2021-05-03 13:12:54.560907', ''),
(782, 9824, 3000, 20, '2021-05-03 13:13:35.025141', ''),
(783, 6454, 2000, 45, '2021-05-03 13:14:10.563582', ''),
(784, 10466, 3000, 74, '2021-05-04 11:28:25.505990', ''),
(785, 3194, 2000, 32, '2021-05-05 05:17:20.402472', ''),
(786, 22586, 2000, 71, '2021-05-05 05:18:30.731039', ''),
(787, 104, 1000, 49, '2021-05-05 05:29:45.558820', ''),
(788, 3121, 2500, 24, '2021-05-06 05:12:36.502627', ''),
(789, 570, 500, 6, '2021-05-06 05:13:21.621633', ''),
(790, 4473, 1500, 55, '2021-05-06 05:13:55.833601', ''),
(791, 2268, 723, 87, '2021-05-06 05:18:01.793980', ''),
(792, 9743, 1500, 25, '2021-05-06 05:18:31.881873', ''),
(793, 9277, 500, 41, '2021-05-06 10:24:38.744100', ''),
(794, 608, 1000, 38, '2021-05-08 08:23:49.537078', ''),
(795, 3168, 2000, 8, '2021-05-08 08:24:19.816587', ''),
(796, 4757, 1000, 53, '2021-05-08 08:24:50.600247', ''),
(797, 10110, 1000, 59, '2021-05-08 08:25:21.963372', ''),
(798, 2643, 2000, 37, '2021-05-08 08:25:52.718652', ''),
(799, 3870, 1000, 29, '2021-05-08 08:26:21.437059', ''),
(800, 961, 1000, 54, '2021-05-08 08:27:25.083765', ''),
(801, 2292, 1500, 34, '2021-05-08 08:44:20.341562', ''),
(802, 5956, 1000, 63, '2021-05-08 08:45:03.597739', ''),
(803, 1013, 2000, 14, '2021-05-08 08:45:27.726960', ''),
(804, 2732, 2000, 17, '2021-05-08 08:45:55.805170', ''),
(805, 1, 12754, 17, '2021-05-08 09:07:00.146641', 'Correction '),
(806, 1539, 1500, 22, '2021-05-08 09:08:18.754453', ''),
(807, 3126, 2000, 24, '2021-05-09 04:48:38.188419', ''),
(808, 8518, 1000, 35, '2021-05-09 04:49:34.613087', ''),
(809, 20638, 500, 7, '2021-05-09 04:50:15.049447', ''),
(810, 9843, 5000, 20, '2021-05-12 04:54:11.247642', ''),
(811, 9842, 5000, 20, '2021-05-12 04:55:00.450906', ''),
(812, 6088, 500, 21, '2021-05-12 04:58:27.220297', ''),
(813, 18623, 500, 12, '2021-05-12 04:58:58.400169', ''),
(814, 2872, 1000, 13, '2021-05-12 04:59:35.725489', ''),
(815, 5764, 190, 19, '2021-05-12 05:01:44.966825', 'Total paid '),
(816, 6923, 2000, 16, '2021-05-12 05:02:14.640260', ''),
(817, 123, 1500, 77, '2021-05-12 05:02:46.486083', ''),
(818, 20919, 1000, 69, '2021-05-12 05:03:44.261225', ''),
(819, 2740, 5000, 17, '2021-05-18 08:28:57.764130', ''),
(821, 2881, 1000, 13, '2021-05-18 08:31:22.920457', ''),
(822, 197, 2500, 10, '2021-05-18 08:31:48.559551', ''),
(823, 1533, 2000, 60, '2021-05-18 08:38:40.371562', ''),
(824, 1826, 2897, 80, '2021-05-18 08:39:26.065657', 'cleared '),
(825, 6929, 1500, 16, '2021-05-18 08:41:19.012587', ''),
(826, 24105, 3000, 47, '2021-05-19 05:04:34.319124', ''),
(827, 18458, 1420, 47, '2021-05-19 05:05:02.172757', 'Paid on invoice '),
(828, 154, 1000, 86, '2021-05-19 05:07:00.675610', ''),
(829, 25066, 1783, 48, '2021-05-19 05:08:17.948127', 'Paid on invoice '),
(830, 271, 770, 75, '2021-05-19 05:12:30.034769', '10$ equvalent to 770af '),
(831, 526, 1428, 53, '2021-05-19 05:14:04.575223', '9 Tab Azotek 500mg Returned 158.702af each '),
(832, 116, 500, 49, '2021-05-19 05:15:38.917553', ''),
(833, 15477, 1500, 22, '2021-05-22 04:57:10.899718', ''),
(834, 638, 500, 38, '2021-05-22 04:57:57.654165', ''),
(835, 1004, 1000, 54, '2021-05-22 04:58:38.468280', ''),
(836, 3474, 2000, 32, '2021-05-22 04:59:15.196330', ''),
(837, 276, 1000, 75, '2021-05-22 04:59:51.859501', ''),
(838, 3039, 3000, 8, '2021-05-22 05:00:28.101866', ''),
(839, 2649, 3000, 37, '2021-05-22 05:01:05.974542', ''),
(840, 3883, 1000, 29, '2021-05-22 05:01:32.241743', ''),
(841, 9300, 500, 41, '2021-05-22 05:02:02.812181', ''),
(842, 5988, 1000, 63, '2021-05-22 05:02:32.919938', ''),
(843, 4861, 1000, 34, '2021-05-22 05:03:00.944845', ''),
(844, 9997, 2500, 25, '2021-05-22 05:03:38.260532', ''),
(845, 2395, 1000, 50, '2021-05-22 05:04:12.292271', ''),
(846, 836, 827, 63, '2021-05-22 05:09:43.151637', '10 syp Pediet 83af Returned '),
(847, 1028, 1500, 14, '2021-05-22 05:10:09.895491', ''),
(848, 8624, 2000, 43, '2021-05-22 05:10:38.844952', ''),
(849, 10129, 600, 59, '2021-05-22 05:11:02.689498', ''),
(850, 11314, 1000, 31, '2021-05-22 05:11:26.320999', ''),
(851, 20943, 1000, 69, '2021-05-22 05:11:53.455706', ''),
(852, 1962, 636, 33, '2021-05-22 05:13:17.958354', '8 Cefprox Sus Returned 70'),
(853, 20272, 500, 7, '2021-05-22 05:14:53.593535', ''),
(854, 6499, 2000, 45, '2021-05-22 05:45:20.829836', ''),
(855, 2934, 950, 85, '2021-05-22 05:45:48.279987', ''),
(856, 4491, 1100, 55, '2021-05-22 05:46:21.809872', ''),
(857, 3131, 1000, 24, '2021-05-22 05:46:51.499088', ''),
(858, 2272, 723, 87, '2021-05-22 05:52:20.289979', 'paid 1445af '),
(859, 0, 772, 87, '2021-05-22 05:53:28.407771', ''),
(860, 24318, 3000, 47, '2021-05-24 04:36:44.803336', ''),
(861, 6988, 2000, 16, '2021-05-24 04:39:04.262830', ''),
(862, 3106, 1000, 36, '2021-05-24 04:39:56.258566', ''),
(863, 100008, 2000, 25, '2021-05-24 04:42:47.547037', ''),
(864, 1657, 1510, 47, '2021-05-24 06:39:35.585512', 'paid on bill '),
(865, 24109, 3000, 47, '2021-05-24 06:40:07.516142', ''),
(866, 1502, 1000, 55, '2021-05-24 07:10:24.431726', ''),
(867, 151, 2100, 55, '2021-05-24 07:10:47.729385', ''),
(868, 3139, 2000, 24, '2021-05-24 07:11:13.274604', ''),
(869, 131, 1500, 77, '2021-05-24 07:11:45.710875', ''),
(870, 159, 1500, 86, '2021-05-24 07:15:40.299450', ''),
(871, 4792, 1000, 53, '2021-05-25 04:05:28.456379', ''),
(872, 9925, 2000, 20, '2021-05-25 04:16:08.168684', ''),
(873, 29578, 1000, 23, '2021-05-25 04:16:39.913310', ''),
(874, 278, 2000, 10, '2021-05-25 04:18:02.616138', ''),
(875, 3012, 2000, 13, '2021-05-25 04:18:35.921196', ''),
(876, 8195, 500, 61, '2021-05-30 05:34:26.950923', ''),
(877, 10405, 1000, 59, '2021-05-30 05:35:07.943366', ''),
(878, 10949, 1500, 5, '2021-05-30 05:35:49.977699', ''),
(879, 4877, 1000, 34, '2021-05-30 05:36:37.949030', ''),
(880, 1093, 1000, 54, '2021-05-30 05:37:51.044913', ''),
(881, 340, 1500, 15, '2021-05-30 05:42:20.940108', ''),
(882, 5307, 1000, 66, '2021-05-30 05:44:31.389770', ''),
(883, 23160, 2000, 71, '2021-05-30 12:09:35.266677', ''),
(884, 2533, 1000, 11, '2021-05-30 12:17:11.510130', ''),
(885, 3851, 2000, 24, '2021-05-30 12:17:37.930103', ''),
(886, 7540, 3000, 16, '2021-05-30 12:21:20.129478', ''),
(887, 2837, 5000, 17, '2021-05-30 12:28:51.891646', ''),
(888, 11355, 1000, 31, '2021-05-30 12:30:57.907942', ''),
(889, 3900, 1000, 29, '2021-05-30 12:31:24.400956', ''),
(890, 22341, 500, 7, '2021-05-30 12:32:09.778435', ''),
(891, 8115, 2000, 43, '2021-05-30 12:32:53.577174', ''),
(892, 3149, 1500, 24, '2021-05-30 12:33:39.216200', ''),
(893, 15664, 1500, 22, '2021-05-30 12:34:09.734938', ''),
(894, 661139, 1500, 63, '2021-05-30 12:34:56.038606', ''),
(895, 9739, 500, 41, '2021-05-30 12:35:51.853817', ''),
(896, 5282, 1700, 66, '2021-05-30 12:36:59.574225', ''),
(897, 152, 5000, 72, '2021-05-30 12:40:40.184746', ''),
(898, 8138, 3000, 43, '2021-05-30 12:41:15.999635', ''),
(899, 1257, 1000, 51, '2021-05-30 12:44:49.625145', ''),
(900, 1, 3000, 51, '2021-05-30 12:45:16.601554', 'correction for bill 1257'),
(901, 3051, 2000, 37, '2021-05-30 12:45:48.065742', ''),
(902, 3160, 1000, 84, '2021-05-30 12:46:27.442340', ''),
(903, 22932, 2500, 71, '2021-05-30 12:47:34.029966', ''),
(904, 6995, 3000, 16, '2021-05-30 12:51:41.829537', ''),
(905, 3895, 2000, 24, '2021-05-30 12:52:30.983090', ''),
(906, 2522, 1000, 11, '2021-05-30 12:53:06.417247', ''),
(907, 280, 1000, 75, '2021-05-31 08:30:53.320288', ''),
(908, 387, 1600, 64, '2021-05-31 08:32:30.107395', ''),
(909, 670, 500, 26, '2021-05-31 08:34:17.941493', ''),
(910, 6949, 1500, 45, '2021-05-31 08:36:31.898788', ''),
(911, 1563, 2500, 60, '2021-05-31 08:37:02.854193', ''),
(912, 24337, 2000, 47, '2021-05-31 08:37:33.455327', ''),
(913, 142, 1000, 49, '2021-05-31 08:37:57.676076', ''),
(914, 3480, 2000, 32, '2021-05-31 08:38:28.451953', '');
INSERT INTO `credit` (`bill_id`, `bill_no`, `amount`, `company_id`, `created_at`, `detail`) VALUES
(915, 2469, 950, 85, '2021-06-01 06:52:17.478443', 'paid on bill '),
(916, 3189, 1250, 84, '2021-06-01 06:53:05.356255', ''),
(917, 29778, 1390, 23, '2021-06-01 06:55:42.318553', 'Account Zero '),
(918, 10065, 2000, 20, '2021-06-01 06:56:10.607484', ''),
(919, 354, 2000, 10, '2021-06-01 06:56:47.156105', ''),
(920, 144, 1500, 77, '2021-06-01 06:57:21.112895', ''),
(921, 3046, 3000, 13, '2021-06-01 06:57:56.895087', ''),
(922, 6626, 1000, 63, '2021-06-02 06:53:03.112494', ''),
(923, 7548, 2000, 16, '2021-06-02 06:54:26.621368', ''),
(924, 2283, 1500, 87, '2021-06-02 07:05:51.070319', ''),
(925, 164, 1000, 49, '2021-06-02 07:06:32.500981', ''),
(926, 10043, 3000, 25, '2021-06-02 07:08:39.470155', ''),
(927, 2756, 1000, 50, '2021-06-02 07:09:55.710525', ''),
(928, 1, 1154, 91, '2021-06-02 07:15:04.565462', 'paid on invoice '),
(929, 1262, 2109, 57, '2021-06-05 07:29:43.818329', 'cleared '),
(930, 374, 2000, 15, '2021-06-05 07:33:50.887775', ''),
(931, 15905, 1000, 22, '2021-06-05 07:34:25.230435', ''),
(932, 693, 1000, 38, '2021-06-05 07:34:55.234689', ''),
(933, 3768, 1000, 32, '2021-06-05 07:35:19.234003', ''),
(934, 3963, 1000, 29, '2021-06-05 07:35:48.860695', ''),
(935, 3504, 1000, 84, '2021-06-05 07:36:37.192413', ''),
(936, 11386, 1000, 31, '2021-06-05 07:37:14.885268', ''),
(937, 9769, 1000, 41, '2021-06-05 07:37:49.175541', ''),
(938, 4899, 1000, 34, '2021-06-05 07:38:15.448453', ''),
(939, 10984, 1500, 5, '2021-06-05 07:40:08.409403', ''),
(940, 10431, 1000, 59, '2021-06-05 07:40:40.496710', ''),
(941, 18738, 3000, 28, '2021-06-05 07:41:16.009036', ''),
(942, 638, 1000, 81, '2021-06-05 07:42:13.663484', ''),
(943, 3078, 2000, 37, '2021-06-05 07:42:44.675132', ''),
(944, 5075, 1000, 53, '2021-06-05 07:43:10.556293', ''),
(945, 2953, 10000, 17, '2021-06-05 07:43:41.201339', ''),
(946, 1524, 1000, 55, '2021-06-05 07:49:43.258849', ''),
(947, 1599, 2500, 60, '2021-06-05 07:52:07.169807', ''),
(948, 3857, 5000, 24, '2021-06-05 07:52:36.529388', ''),
(949, 7552, 2000, 43, '2021-06-05 08:14:19.523705', ''),
(950, 772, 1000, 90, '2021-06-05 08:21:06.055642', ''),
(951, 61, 1000, 21, '2021-06-08 04:48:16.249676', ''),
(952, 2291, 1000, 87, '2021-06-08 04:49:15.003351', ''),
(953, 2984, 5000, 17, '2021-06-08 04:58:42.413435', ''),
(954, 10094, 2000, 20, '2021-06-08 04:59:12.270726', ''),
(955, 3861, 3000, 24, '2021-06-08 05:03:41.963260', ''),
(956, 24779, 2000, 47, '2021-06-08 05:04:15.384272', ''),
(957, 2544, 1500, 11, '2021-06-08 05:39:51.225412', ''),
(958, 7608, 5000, 16, '2021-06-08 05:40:29.978311', ''),
(959, 185, 1000, 49, '2021-06-08 11:18:56.202212', ''),
(960, 152, 1500, 77, '2021-06-10 07:49:09.704784', ''),
(961, 3867, 3000, 24, '2021-06-10 07:54:42.104032', ''),
(962, 3515, 500, 84, '2021-06-10 07:55:18.307596', ''),
(963, 23, 1000, 26, '2021-06-10 07:55:45.905792', ''),
(964, 3090, 1000, 37, '2021-06-10 07:56:08.767398', ''),
(965, 1075, 2500, 14, '2021-06-10 07:57:03.310176', ''),
(966, 166, 1000, 86, '2021-06-10 08:01:40.456065', ''),
(967, 3781, 2000, 32, '2021-06-10 08:04:05.132953', ''),
(968, 23303, 2500, 71, '2021-06-10 08:04:54.064108', ''),
(969, 3084, 2000, 13, '2021-06-10 08:05:19.369539', ''),
(970, 185, 1000, 49, '2021-06-10 08:05:42.107165', ''),
(971, 1542, 2000, 55, '2021-06-10 08:14:56.299483', ''),
(972, 2226, 1000, 36, '2021-06-10 08:24:22.125849', 'paid on bill '),
(973, 3741, 500, 6, '2021-06-12 05:04:36.872240', ''),
(974, 725, 500, 38, '2021-06-12 05:06:53.917110', ''),
(976, 420, 1000, 81, '2021-06-12 05:08:28.503538', ''),
(977, 499, 1000, 88, '2021-06-12 05:09:55.646492', ''),
(978, 11638, 500, 31, '2021-06-12 05:10:25.723307', ''),
(979, 15941, 1000, 22, '2021-06-12 05:10:55.459195', ''),
(980, 3978, 500, 29, '2021-06-12 05:11:24.376492', ''),
(981, 6828, 1000, 40, '2021-06-12 05:11:52.143072', ''),
(982, 408, 1500, 15, '2021-06-12 05:12:30.599645', ''),
(983, 9522, 1500, 5, '2021-06-12 05:12:54.866573', ''),
(984, 4965, 1000, 34, '2021-06-12 05:14:25.915494', ''),
(985, 10611, 1000, 59, '2021-06-12 05:14:51.118404', ''),
(986, 8528, 500, 35, '2021-06-12 05:16:27.031824', ''),
(987, 5452, 1000, 53, '2021-06-12 05:16:51.666977', ''),
(988, 2999, 5000, 17, '2021-06-12 05:17:36.087094', ''),
(989, 8215, 500, 61, '2021-06-12 05:18:03.551411', ''),
(990, 908, 748, 90, '2021-06-12 05:18:43.186615', ''),
(991, 18839, 4000, 28, '2021-06-13 05:16:44.600751', ''),
(992, 2555, 1000, 11, '2021-06-13 05:17:17.159646', ''),
(993, 2298, 1401, 87, '2021-06-15 08:15:04.988552', ''),
(994, 82, 1500, 21, '2021-06-15 08:15:34.520376', ''),
(995, 3070, 5000, 17, '2021-06-15 08:16:01.094121', ''),
(996, 10129, 1500, 20, '2021-06-15 08:16:25.216719', ''),
(997, 160, 1000, 77, '2021-06-15 08:17:45.400080', ''),
(998, 4021, 1500, 13, '2021-06-15 08:19:12.857724', ''),
(999, 1566, 1700, 55, '2021-06-15 08:24:44.572653', ''),
(1000, 3870, 5000, 24, '2021-06-15 08:29:37.667704', ''),
(1001, 24844, 3000, 47, '2021-06-15 08:30:38.414486', ''),
(1003, 435, 2000, 15, '2021-06-19 05:00:12.959205', ''),
(1004, 3658, 500, 36, '2021-06-19 05:00:52.707838', ''),
(1005, 445, 500, 81, '2021-06-19 05:02:43.240846', ''),
(1006, 3764, 900, 6, '2021-06-19 05:03:20.573452', ''),
(1007, 5587, 1000, 92, '2021-06-19 05:04:01.317883', ''),
(1008, 5586, 500, 93, '2021-06-19 05:04:29.598493', ''),
(1009, 13005, 2000, 56, '2021-06-19 05:05:22.589838', ''),
(1010, 8531, 700, 35, '2021-06-19 05:06:55.727584', ''),
(1011, 1, 500, 35, '2021-06-19 05:07:35.987741', 'correction '),
(1012, 5473, 500, 53, '2021-06-19 05:08:12.346104', ''),
(1013, 6548, 1000, 89, '2021-06-19 05:08:39.926329', ''),
(1014, 23350, 2000, 71, '2021-06-19 05:09:12.450066', ''),
(1015, 3982, 500, 29, '2021-06-19 05:09:40.133141', ''),
(1016, 762, 700, 88, '2021-06-19 05:10:26.969200', ''),
(1017, 1231, 3000, 8, '2021-06-19 05:10:52.240611', ''),
(1018, 4978, 1000, 34, '2021-06-19 05:11:19.244880', ''),
(1019, 10643, 1000, 59, '2021-06-19 05:15:13.784147', ''),
(1020, 9549, 1500, 5, '2021-06-19 05:15:40.318733', ''),
(1021, 308, 1000, 75, '2021-06-19 05:16:25.647462', ''),
(1022, 739, 500, 38, '2021-06-19 05:18:12.451299', ''),
(1023, 178, 1000, 86, '2021-06-19 05:18:40.366592', ''),
(1024, 111111, 2000, 60, '2021-06-19 05:20:24.256377', 'slip number was not visible '),
(1025, 3875, 5000, 24, '2021-06-19 05:21:03.622352', ''),
(1026, 51, 1000, 26, '2021-06-19 05:21:32.916105', ''),
(1027, 6679, 1500, 63, '2021-06-19 05:25:03.222597', ''),
(1028, 3105, 4000, 37, '2021-06-19 05:26:09.564564', ''),
(1029, 1095, 2000, 14, '2021-06-19 05:26:35.885433', ''),
(1030, 16064, 1000, 22, '2021-06-19 05:27:09.153353', ''),
(1031, 3081, 5000, 17, '2021-06-19 05:27:44.932055', ''),
(1032, 24111, 2000, 47, '2021-06-19 05:31:42.139149', ''),
(1033, 3557, 1500, 32, '2021-06-19 05:32:09.947178', ''),
(1034, 213, 500, 49, '2021-06-19 05:32:36.595338', ''),
(1035, 7675, 3000, 16, '2021-06-19 05:33:50.059242', ''),
(1036, 24892, 1000, 7, '2021-06-19 05:34:14.254966', ''),
(1037, 1999, 1000, 48, '2021-06-19 05:34:56.623576', ''),
(1038, 7668, 2000, 16, '2021-06-19 08:16:40.240726', ''),
(1039, 7266, 1500, 45, '2021-06-19 08:17:57.673164', ''),
(1040, 18970, 2000, 28, '2021-06-21 05:55:22.768990', ''),
(1041, 23394, 4000, 47, '2021-06-21 08:51:33.957280', ''),
(1042, 6092, 1000, 55, '2021-06-21 08:52:27.121710', ''),
(1043, 79, 500, 26, '2021-06-24 05:50:30.439226', ''),
(1044, 1598, 1000, 55, '2021-06-24 05:51:43.474965', ''),
(1045, 3579, 1000, 32, '2021-06-24 05:52:16.058528', ''),
(1046, 23561, 500, 71, '2021-06-24 05:52:48.675628', ''),
(1047, 1631, 2000, 14, '2021-06-24 05:53:18.096697', ''),
(1048, 3117, 5000, 17, '2021-06-24 05:56:57.699712', ''),
(1049, 10399, 1000, 41, '2021-06-27 06:01:13.332307', ''),
(1050, 3909, 4000, 24, '2021-06-27 06:01:41.963881', ''),
(1051, 4079, 1500, 13, '2021-06-27 06:02:52.267344', ''),
(1052, 19151, 4000, 28, '2021-06-27 06:05:22.999770', ''),
(1053, 782, 500, 38, '2021-06-27 06:05:51.156763', ''),
(1054, 23124, 500, 7, '2021-06-27 06:06:30.188746', ''),
(1055, 965, 768, 90, '2021-06-27 06:07:11.410027', ''),
(1056, 3794, 1000, 6, '2021-06-27 06:07:38.873581', ''),
(1057, 548, 4000, 51, '2021-06-27 06:08:38.290268', ''),
(1058, 414, 1000, 30, '2021-06-27 06:10:03.922214', ''),
(1059, 5603, 500, 93, '2021-06-27 06:10:54.061908', ''),
(1060, 5602, 1000, 92, '2021-06-27 06:11:53.344407', ''),
(1061, 3994, 1000, 29, '2021-06-27 06:12:27.205987', ''),
(1062, 10909, 1000, 59, '2021-06-27 06:14:04.556494', ''),
(1063, 16228, 1000, 22, '2021-06-27 06:15:31.505658', ''),
(1064, 4993, 1000, 34, '2021-06-27 06:16:21.690514', ''),
(1065, 10340, 2500, 25, '2021-06-27 06:17:37.066795', ''),
(1066, 8513, 1274, 61, '2021-06-27 06:18:27.447460', ''),
(1067, 5751, 500, 53, '2021-06-27 06:19:12.239975', ''),
(1068, 6757, 700, 89, '2021-06-27 06:19:53.810636', ''),
(1069, 10362, 1000, 41, '2021-06-27 06:20:27.050144', ''),
(1070, 1692, 2000, 60, '2021-06-27 06:21:57.094013', ''),
(1071, 2740, 3450, 41, '2021-06-27 06:23:00.163307', ''),
(1072, 251, 3000, 72, '2021-06-27 06:26:21.715028', ''),
(1073, 164, 1000, 77, '2021-06-27 06:26:49.879369', ''),
(1074, 360, 1000, 86, '2021-06-27 06:27:20.347973', ''),
(1075, 25072, 3000, 47, '2021-06-27 06:27:54.277844', ''),
(1076, 7719, 4000, 16, '2021-06-27 06:33:15.202078', ''),
(1077, 236, 500, 49, '2021-06-27 06:33:50.574766', ''),
(1078, 594, 9000, 10, '2021-06-27 06:34:38.175404', ''),
(1079, 25117, 2000, 47, '2021-06-27 12:12:51.066312', ''),
(1080, 7763, 4000, 16, '2021-06-27 12:13:40.878999', ''),
(1081, 23580, 2000, 71, '2021-06-27 12:14:06.723050', ''),
(1082, 1089, 500, 95, '2021-06-27 12:18:43.021600', ''),
(1083, 170, 500, 77, '2021-06-29 04:47:52.634795', ''),
(1084, 3910, 4000, 24, '2021-06-29 04:49:41.458371', ''),
(1085, 146, 1000, 21, '2021-06-29 04:50:11.687185', ''),
(1086, 2567, 1000, 11, '2021-06-29 04:50:45.916548', ''),
(1087, 675, 2000, 10, '2021-06-29 04:51:12.043857', ''),
(1088, 10234, 2000, 20, '2021-06-29 04:51:38.505482', ''),
(1089, 3459, 1000, 84, '2021-07-01 08:22:05.599671', ''),
(1090, 1154, 500, 95, '2021-07-01 08:26:58.671817', ''),
(1091, 1726, 2000, 60, '2021-07-01 08:27:30.792289', ''),
(1092, 7723, 2500, 63, '2021-07-01 08:28:05.226912', ''),
(1093, 3139, 4000, 37, '2021-07-01 08:28:35.540779', ''),
(1094, 1629, 2000, 14, '2021-07-01 08:29:07.481344', ''),
(1095, 10372, 2500, 25, '2021-07-01 08:29:37.902050', ''),
(1096, 3202, 5000, 17, '2021-07-03 04:59:51.194124', ''),
(1097, 761, 2500, 8, '2021-07-03 05:01:00.033225', ''),
(1098, 789, 1000, 88, '2021-07-03 05:01:52.353320', ''),
(1099, 16417, 1000, 22, '2021-07-03 05:02:26.283572', ''),
(1100, 4011, 4000, 51, '2021-07-03 05:02:54.645319', ''),
(1101, 4953, 1000, 29, '2021-07-03 05:03:32.004204', ''),
(1102, 12152, 500, 31, '2021-07-03 05:04:04.285690', ''),
(1103, 23751, 2000, 71, '2021-07-03 05:04:30.195365', ''),
(1104, 3707, 1500, 32, '2021-07-03 05:05:08.509585', ''),
(1105, 10931, 1000, 59, '2021-07-03 05:05:35.109336', ''),
(1106, 6829, 1000, 40, '2021-07-03 05:06:06.961799', ''),
(1107, 2812, 500, 34, '2021-07-03 05:07:02.585257', ''),
(1108, 10900, 0, 41, '2021-07-03 05:09:37.413196', ''),
(1109, 10900, 1000, 41, '2021-07-03 05:09:57.068101', ''),
(1110, 5777, 500, 53, '2021-07-03 05:10:26.144804', ''),
(1111, 6769, 500, 89, '2021-07-03 05:10:51.218609', ''),
(1112, 9588, 1500, 5, '2021-07-03 05:11:15.275468', ''),
(1113, 2129, 350, 85, '2021-07-03 05:13:07.124758', 'Paid on bill '),
(1114, 321, 1000, 75, '2021-07-03 05:13:59.197855', ''),
(1115, 233, 500, 86, '2021-07-03 05:18:39.842219', ''),
(1116, 25137, 3000, 47, '2021-07-03 05:19:19.885253', ''),
(1117, 3355, 3000, 24, '2021-07-03 05:22:40.194816', ''),
(1118, 307, 500, 49, '2021-07-03 05:24:14.732337', ''),
(1119, 3361, 4000, 24, '2021-07-04 05:13:31.965218', ''),
(1120, 19183, 2500, 28, '2021-07-04 05:14:15.719407', ''),
(1121, 3917, 4000, 24, '2021-07-11 05:12:50.176411', 'l'),
(1122, 253, 1000, 72, '2021-07-11 05:16:02.134842', ''),
(1123, 7826, 2000, 16, '2021-07-11 05:16:29.916237', ''),
(1124, 345, 1000, 75, '2021-07-11 05:20:06.563761', ''),
(1125, 7802, 2000, 45, '2021-07-11 05:34:04.995571', ''),
(1126, 3916, 5000, 24, '2021-07-11 05:38:22.114717', ''),
(1127, 3150, 3000, 37, '2021-07-11 05:38:58.303172', ''),
(1128, 7759, 3000, 63, '2021-07-11 05:39:29.474449', ''),
(1129, 23568, 500, 7, '2021-07-11 05:39:57.030183', ''),
(1130, 19264, 4000, 28, '2021-07-11 05:40:21.505095', ''),
(1131, 10389, 2000, 25, '2021-07-11 05:44:43.573257', ''),
(1132, 7866, 3000, 16, '2021-07-11 05:46:42.001918', ''),
(1133, 25449, 2500, 47, '2021-07-11 05:47:07.497518', ''),
(1134, 7873, 2500, 16, '2021-07-11 05:47:52.091598', ''),
(1135, 332, 500, 49, '2021-07-11 05:48:15.784568', ''),
(1136, 1817, 2000, 60, '2021-07-11 05:50:55.579786', ''),
(1137, 242, 1000, 86, '2021-07-11 05:53:34.041161', ''),
(1138, 823, 2000, 10, '2021-07-13 05:57:20.842306', ''),
(1139, 3230, 5000, 17, '2021-07-13 05:57:42.577531', ''),
(1140, 10346, 1000, 20, '2021-07-13 05:58:59.322384', ''),
(1141, 22075, 500, 69, '2021-07-13 06:00:42.595569', ''),
(1142, 11161, 1000, 59, '2021-07-13 06:01:24.347422', ''),
(1143, 152, 1000, 21, '2021-07-13 06:01:51.905676', ''),
(1144, 9268, 1000, 97, '2021-07-13 06:08:34.296616', ''),
(1145, 3620, 3000, 37, '2021-07-13 06:10:09.556384', ''),
(1146, 10862, 1000, 41, '2021-07-13 06:10:47.817304', ''),
(1147, 3376, 2000, 24, '2021-07-13 06:11:13.586651', ''),
(1148, 25500, 4000, 47, '2021-07-13 06:11:43.837595', ''),
(1149, 187, 500, 77, '2021-07-13 06:13:09.465766', ''),
(1150, 176, 1000, 77, '2021-07-13 06:15:24.229422', ''),
(1151, 9253, 500, 97, '2021-07-13 06:16:00.250047', ''),
(1152, 3907, 2000, 13, '2021-07-13 06:25:04.818380', ''),
(1153, 3718, 1500, 32, '2021-07-13 06:25:33.676060', ''),
(1154, 21848, 2000, 69, '2021-07-13 06:26:06.260253', ''),
(1155, 225, 1000, 21, '2021-07-13 06:26:33.366279', ''),
(1156, 10323, 2000, 20, '2021-07-13 06:27:08.900563', ''),
(1157, 3207, 5000, 17, '2021-07-13 06:27:32.705329', ''),
(1158, 1165, 1000, 95, '2021-07-13 06:28:16.184777', ''),
(1159, 25434, 3000, 47, '2021-07-13 06:29:45.091088', ''),
(1160, 252, 2000, 72, '2021-07-13 06:31:45.266978', ''),
(1161, 1641, 2000, 14, '2021-07-13 06:32:13.512486', ''),
(1162, 2055, 1500, 48, '2021-07-15 05:51:00.505560', ''),
(1163, 409, 500, 49, '2021-07-15 05:51:33.174026', ''),
(1164, 9210, 3000, 96, '2021-07-15 05:52:31.246259', ''),
(1165, 3381, 0, 24, '2021-07-15 05:56:48.517393', ''),
(1166, 3381, 5000, 24, '2021-07-15 05:57:09.511157', ''),
(1167, 7779, 2000, 63, '2021-07-15 06:00:16.632204', ''),
(1168, 3236, 5000, 17, '2021-07-15 06:00:50.693720', ''),
(1169, 7847, 2000, 45, '2021-07-15 06:01:16.911496', ''),
(1170, 7841, 3000, 16, '2021-07-15 06:01:41.233133', ''),
(1171, 254, 5800, 72, '2021-07-15 06:03:36.112499', ''),
(1172, 1, 2100, 72, '2021-07-15 06:03:49.526538', 'correction '),
(1173, 975, 1500, 88, '2021-07-15 06:04:21.271071', ''),
(1174, 25664, 1000, 47, '2021-07-15 06:04:59.835475', ''),
(1175, 388, 1000, 86, '2021-07-15 06:05:30.489010', ''),
(1176, 3623, 2000, 37, '2021-07-15 06:09:00.871617', ''),
(1177, 1728, 1000, 55, '2021-07-15 06:21:23.503709', ''),
(1178, 158, 500, 6, '2021-07-15 06:22:02.682971', ''),
(1179, 1674, 1710, 82, '2021-07-15 06:24:07.751660', ''),
(1180, 854, 1000, 38, '2021-07-17 06:44:47.768342', ''),
(1181, 16645, 500, 22, '2021-07-17 06:45:17.271780', ''),
(1182, 1248, 500, 90, '2021-07-17 06:45:43.241482', ''),
(1183, 2775, 500, 87, '2021-07-17 06:46:16.778265', ''),
(1184, 3385, 2000, 24, '2021-07-17 06:46:41.035021', ''),
(1185, 2070, 3216, 80, '2021-07-17 06:47:24.183056', ''),
(1186, 2848, 1000, 34, '2021-07-17 06:51:40.985015', ''),
(1187, 1884, 2000, 8, '2021-07-17 06:52:14.877749', ''),
(1188, 4257, 500, 6, '2021-07-17 06:52:42.192590', ''),
(1189, 1270, 1000, 90, '2021-07-28 08:41:00.659703', ''),
(1190, 607, 500, 86, '2021-07-28 08:42:18.118861', ''),
(1191, 23799, 2000, 71, '2021-07-28 08:42:51.451471', ''),
(1192, 177, 2000, 94, '2021-07-28 08:43:57.682047', ''),
(1193, 25859, 3000, 47, '2021-07-28 08:45:36.614077', ''),
(1194, 1195, 2000, 95, '2021-07-28 08:46:23.283005', ''),
(1195, 430, 716, 49, '2021-07-28 08:50:17.568178', ''),
(1196, 31210, 1000, 23, '2021-07-28 08:52:42.031627', ''),
(1197, 171, 1000, 21, '2021-07-28 08:53:06.955306', ''),
(1198, 883, 3000, 10, '2021-07-28 08:53:29.823924', ''),
(1199, 191, 1000, 77, '2021-07-28 08:53:52.871278', ''),
(1200, 10469, 3000, 20, '2021-07-28 08:54:25.384103', ''),
(1201, 3250, 6000, 17, '2021-07-28 08:55:29.039673', ''),
(1202, 7926, 3000, 16, '2021-07-28 08:58:02.282486', ''),
(1203, 3628, 3000, 37, '2021-07-28 09:01:11.782724', ''),
(1204, 3391, 2000, 24, '2021-07-28 09:01:43.033108', ''),
(1205, 7924, 3000, 16, '2021-07-28 09:02:42.784862', ''),
(1206, 25696, 3000, 47, '2021-07-28 09:03:18.593422', ''),
(1207, 3966, 1500, 13, '2021-07-28 09:03:58.719067', ''),
(1208, 3390, 3000, 24, '2021-07-28 09:06:21.700694', ''),
(1209, 19292, 2000, 28, '2021-07-28 09:08:58.873920', ''),
(1210, 23, 500, 75, '2021-08-02 05:14:12.183911', ''),
(1211, 8634, 3000, 16, '2021-08-02 05:21:21.190623', ''),
(1212, 4005, 6000, 24, '2021-08-02 05:22:01.909532', ''),
(1213, 8229, 2000, 45, '2021-08-02 05:22:30.622817', ''),
(1214, 3540, 3000, 37, '2021-08-02 05:23:05.935734', ''),
(1215, 26015, 2000, 47, '2021-08-02 05:24:06.865130', ''),
(1216, 6608, 1000, 53, '2021-08-02 05:24:51.844978', ''),
(1217, 2785, 1000, 87, '2021-08-02 05:25:24.989974', ''),
(1218, 194, 1000, 77, '2021-08-02 05:25:52.584855', ''),
(1219, 19483, 3000, 28, '2021-08-02 05:26:25.588687', ''),
(1220, 3630, 3000, 37, '2021-08-02 05:26:51.225952', ''),
(1221, 1746, 1000, 55, '2021-08-02 05:28:41.434009', ''),
(1222, 9273, 644, 97, '2021-08-02 05:30:25.642520', ''),
(1223, 3919, 3000, 24, '2021-08-02 05:30:55.614327', ''),
(1224, 10899, 500, 41, '2021-08-02 05:31:31.717966', ''),
(1225, 4085, 470, 84, '2021-08-02 05:32:29.560819', ''),
(1226, 2081, 1492, 80, '2021-08-02 05:51:19.804157', ''),
(1227, 23598, 1500, 7, '2021-08-02 05:53:44.390411', ''),
(1228, 9227, 3000, 96, '2021-08-02 05:54:59.461915', ''),
(1229, 3359, 3000, 17, '2021-08-02 05:55:25.358476', ''),
(1230, 1873, 2000, 60, '2021-08-02 05:55:55.753303', ''),
(1231, 4267, 1900, 59, '2021-08-02 06:01:55.187147', 'paid on invoice '),
(1232, 7, 4464, 20, '2021-08-03 09:05:32.013315', '12 Laxman Cap Returned 372af '),
(1233, 197, 1200, 21, '2021-08-03 09:06:09.724099', ''),
(1234, 31413, 800, 23, '2021-08-03 09:06:57.892338', ''),
(1235, 950, 3000, 10, '2021-08-03 09:08:53.062902', ''),
(1236, 10499, 1000, 20, '2021-08-03 09:09:19.625438', ''),
(1237, 3384, 5000, 17, '2021-08-03 09:10:57.833306', ''),
(1238, 11192, 1000, 59, '2021-08-03 09:11:35.756455', ''),
(1239, 8426, 3000, 63, '2021-08-03 09:11:59.606323', ''),
(1240, 5725, 1500, 32, '2021-08-05 08:36:14.940117', ''),
(1241, 4556, 500, 84, '2021-08-05 08:36:55.536678', ''),
(1242, 3642, 2000, 37, '2021-08-05 08:38:14.058735', ''),
(1243, 22473, 2000, 33, '2021-08-05 08:38:45.192607', ''),
(1244, 4307, 1500, 13, '2021-08-05 08:39:17.768314', ''),
(1245, 6014, 1000, 11, '2021-08-10 08:29:49.249770', ''),
(1246, 19871, 1000, 12, '2021-08-10 11:11:13.644330', ''),
(1247, 26039, 2000, 47, '2021-08-10 11:12:43.403685', ''),
(1248, 8711, 3000, 16, '2021-08-10 11:13:18.015030', ''),
(1249, 400, 500, 41, '2021-08-10 11:14:01.789678', ''),
(1250, 3391, 5000, 17, '2021-08-10 11:14:39.596875', ''),
(1251, 515, 1000, 86, '2021-08-10 11:15:44.682238', ''),
(1252, 1028, 1000, 81, '2021-08-10 11:18:02.641874', ''),
(1253, 4016, 2000, 24, '2021-08-10 11:18:36.461092', ''),
(1254, 4278, 500, 6, '2021-08-10 11:19:12.445027', ''),
(1255, 2386, 500, 34, '2021-08-10 11:20:48.325952', ''),
(1256, 6965, 500, 89, '2021-08-10 11:21:34.832730', ''),
(1257, 6621, 1000, 53, '2021-08-10 11:22:35.828532', ''),
(1258, 10708, 1500, 25, '2021-08-10 11:23:14.941625', ''),
(1259, 681, 2000, 15, '2021-08-10 11:24:17.096062', ''),
(1260, 24049, 1500, 71, '2021-08-10 11:26:23.677804', ''),
(1261, 1433, 1000, 90, '2021-08-10 11:29:23.560322', ''),
(1262, 10283, 1500, 5, '2021-08-10 11:29:59.610306', ''),
(1263, 8650, 2000, 16, '2021-08-10 11:34:08.794233', ''),
(1264, 616, 1000, 86, '2021-08-10 11:34:45.583013', ''),
(1265, 9247, 5000, 96, '2021-08-10 11:39:11.638369', ''),
(1266, 23869, 1565, 7, '2021-08-10 11:39:54.533876', ''),
(1267, 1210, 1000, 95, '2021-08-10 11:41:11.791719', ''),
(1268, 27, 1500, 10, '2021-08-10 11:42:29.206274', ''),
(1269, 31612, 500, 23, '2021-08-10 11:44:51.107220', ''),
(1270, 10522, 2000, 20, '2021-08-10 11:45:36.450399', ''),
(1271, 201, 1000, 77, '2021-08-10 11:46:14.384789', ''),
(1272, 2793, 1000, 87, '2021-08-10 11:47:08.328725', ''),
(1273, 322, 1000, 21, '2021-08-10 11:52:40.672202', ''),
(1274, 3501, 5000, 17, '2021-08-10 11:53:18.781686', ''),
(1275, 1231, 500, 95, '2021-08-10 11:54:01.585914', ''),
(1276, 26096, 2000, 47, '2021-08-10 11:57:21.339071', ''),
(1277, 258, 1800, 72, '2021-08-10 12:02:22.273334', ''),
(1278, 8705, 2000, 16, '2021-08-10 12:04:20.182089', ''),
(1279, 26081, 4500, 47, '2021-08-10 12:04:53.859595', ''),
(1280, 917, 1000, 38, '2021-08-10 12:11:01.826220', ''),
(1281, 4022, 4000, 24, '2021-08-10 12:13:55.104786', ''),
(1282, 3455, 2500, 37, '2021-08-10 12:15:01.237476', ''),
(1283, 8449, 3500, 63, '2021-08-10 12:15:36.658761', ''),
(1284, 8267, 2000, 45, '2021-08-10 12:26:48.486353', ''),
(1285, 912, 1000, 38, '2021-08-10 12:27:19.628073', ''),
(1286, 39, 1000, 75, '2021-08-10 12:27:48.090373', ''),
(1287, 16989, 1000, 22, '2021-08-10 12:28:18.650721', ''),
(1288, 19622, 3000, 28, '2021-08-10 12:28:53.008717', ''),
(1289, 5056, 500, 29, '2021-08-10 12:29:36.999446', ''),
(1290, 190, 1500, 94, '2021-08-10 12:30:09.278440', ''),
(1291, 9264, 4500, 96, '2021-08-11 08:49:15.162005', ''),
(1292, 22947, 1500, 33, '2021-08-11 11:51:06.317480', ''),
(1293, 3472, 5000, 17, '2021-08-11 11:51:40.425457', ''),
(1294, 1953, 1498, 60, '2021-08-11 11:53:15.545808', ''),
(1295, 363, 1000, 41, '2021-08-11 11:53:59.694862', ''),
(1296, 107, 1710, 82, '2021-08-11 11:54:50.949072', ''),
(1297, 10297, 1500, 5, '2021-08-11 11:58:38.236145', ''),
(1298, 4333, 1500, 13, '2021-08-11 12:10:56.357608', ''),
(1299, 4029, 3000, 24, '2021-08-11 12:27:42.481887', ''),
(1300, 3855, 500, 32, '2021-08-11 12:48:10.272701', ''),
(1301, 1406, 1000, 55, '2021-08-11 13:27:24.200793', ''),
(1303, 22665, 500, 69, '2021-08-14 05:28:36.531677', ''),
(1304, 5070, 500, 29, '2021-08-14 05:29:32.845924', ''),
(1305, 924, 4000, 8, '2021-08-14 05:30:22.234226', ''),
(1306, 999, 500, 88, '2021-08-14 05:32:34.414707', ''),
(1308, 5684, 1000, 92, '2021-08-14 05:33:44.006832', ''),
(1309, 5685, 500, 93, '2021-08-14 05:34:27.776167', ''),
(1310, 4596, 500, 84, '2021-08-14 05:36:02.676077', ''),
(1311, 2411, 1000, 34, '2021-08-14 05:38:26.255638', ''),
(1312, 6979, 500, 89, '2021-08-14 07:37:33.761217', ''),
(1313, 6646, 1000, 53, '2021-08-14 07:39:20.647054', ''),
(1314, 17125, 1000, 22, '2021-08-14 07:40:15.360521', ''),
(1315, 201, 1000, 94, '2021-08-14 07:41:09.171690', ''),
(1316, 100, 1200, 61, '2021-08-14 08:29:16.438828', ''),
(1317, 46, 1000, 75, '2021-08-14 10:33:56.550710', ''),
(1318, 3872, 1000, 32, '2021-08-18 12:00:33.937971', ''),
(1319, 3924, 2000, 24, '2021-08-18 12:01:12.874816', ''),
(1320, 11512, 1000, 59, '2021-08-18 12:02:00.085066', ''),
(1321, 3923, 5000, 24, '2021-08-19 11:32:30.584592', ''),
(1322, 10816, 1000, 25, '2021-08-19 11:33:42.924631', ''),
(1323, 1456, 1000, 90, '2021-08-19 11:34:37.011139', ''),
(1324, 4354, 1500, 13, '2021-08-19 11:35:21.486376', ''),
(1325, 20071, 1200, 12, '2021-08-21 12:29:42.386719', ''),
(1326, 49, 500, 75, '2021-08-21 12:37:41.821693', ''),
(1327, 267, 1000, 102, '2021-08-21 12:38:48.376219', ''),
(1328, 4037, 3000, 24, '2021-08-23 12:24:07.238187', ''),
(1329, 2799, 500, 87, '2021-08-23 12:25:38.939093', ''),
(1330, 8760, 2000, 16, '2021-08-23 12:27:04.192592', ''),
(1331, 344, 500, 21, '2021-08-23 12:27:47.369849', ''),
(1332, 9342, 500, 73, '2021-08-23 12:28:54.725056', ''),
(1333, 10655, 1000, 20, '2021-08-23 12:30:09.675706', ''),
(1334, 3494, 2000, 17, '2021-08-23 12:31:50.672121', ''),
(1335, 100, 1000, 10, '2021-08-23 12:32:36.889945', ''),
(1336, 26298, 2000, 47, '2021-08-23 12:34:08.622975', ''),
(1337, 8518, 1100, 74, '2021-08-26 05:04:34.161970', ''),
(1338, 395, 500, 86, '2021-08-26 05:05:49.118818', ''),
(1339, 3503, 2000, 17, '2021-08-26 05:07:06.699409', ''),
(1340, 3929, 2000, 24, '2021-08-26 05:08:47.270308', ''),
(1341, 26444, 1500, 47, '2021-08-30 08:52:52.072273', ''),
(1342, 19791, 1500, 28, '2021-08-30 08:54:51.407767', ''),
(1343, 3932, 1500, 24, '2021-08-30 08:55:54.810699', ''),
(1345, 8309, 1500, 16, '2021-08-30 11:22:14.063907', ''),
(1346, 3466, 500, 37, '2021-08-30 11:24:09.930759', ''),
(1347, 365, 1000, 21, '2021-08-30 11:25:10.695571', ''),
(1348, 153, 1000, 10, '2021-08-30 11:28:40.942764', ''),
(1349, 10676, 1500, 20, '2021-08-30 11:29:46.355362', ''),
(1350, 31889, 0, 23, '2021-08-31 04:43:56.714433', ''),
(1351, 31889, 500, 23, '2021-08-31 04:44:37.224296', ''),
(1352, 4382, 1000, 13, '2021-08-31 04:45:57.802007', ''),
(1353, 3259, 500, 87, '2021-08-31 04:47:10.081070', ''),
(1354, 1157, 500, 81, '2021-08-31 05:23:48.667628', ''),
(1355, 8316, 1000, 16, '2021-09-01 04:43:30.370414', ''),
(1356, 26610, 1000, 47, '2021-09-01 04:45:52.424466', ''),
(1357, 1000, 500, 41, '2021-09-01 04:46:58.798294', ''),
(1358, 1356, 1000, 51, '2021-09-01 04:50:02.944102', ''),
(1359, 4995, 1430, 59, '2021-09-01 04:59:13.288963', ''),
(1360, 9096, 1500, 96, '2021-09-01 05:01:15.735918', ''),
(1361, 517, 500, 86, '2021-09-01 05:02:12.897792', ''),
(1362, 649, 2050, 8, '2021-09-01 05:12:49.464485', ''),
(1363, 3469, 1000, 37, '2021-09-02 06:00:38.305286', ''),
(1364, 3934, 2000, 24, '2021-09-02 06:05:06.694247', ''),
(1365, 333, 500, 26, '2021-09-02 06:11:13.453857', ''),
(1366, 972, 1000, 38, '2021-09-02 06:13:35.021364', ''),
(1367, 4977, 500, 84, '2021-09-02 06:14:38.005901', ''),
(1368, 11085, 1000, 5, '2021-09-02 06:15:29.589583', ''),
(1369, 6, 2000, 17, '2021-09-02 06:16:27.366559', ''),
(1370, 17344, 500, 22, '2021-09-04 04:59:30.044211', ''),
(1372, 5712, 500, 93, '2021-09-04 05:02:48.974348', ''),
(1373, 5624, 500, 36, '2021-09-04 05:03:52.905155', ''),
(1374, 5713, 500, 92, '2021-09-04 05:05:31.706596', ''),
(1375, 6892, 500, 53, '2021-09-04 05:15:55.036283', ''),
(1376, 6997, 500, 89, '2021-09-04 05:45:31.723947', ''),
(1377, 1068, 500, 88, '2021-09-04 05:46:15.457065', ''),
(1378, 5760, 500, 32, '2021-09-04 05:47:24.446392', ''),
(1379, 5081, 500, 29, '2021-09-04 05:48:14.882813', ''),
(1380, 224, 500, 94, '2021-09-04 05:48:55.854310', ''),
(1381, 3199, 2100, 68, '2021-09-04 05:49:59.317367', ''),
(1382, 750, 1000, 15, '2021-09-04 05:52:04.827132', ''),
(1383, 85, 500, 75, '2021-09-04 05:52:56.069860', ''),
(1384, 9415, 1000, 63, '2021-09-04 05:54:21.527888', ''),
(1385, 11541, 500, 59, '2021-09-04 05:55:23.754360', ''),
(1386, 4759, 500, 6, '2021-09-04 05:56:19.712513', ''),
(1387, 10828, 1000, 25, '2021-09-04 05:57:38.687536', ''),
(1388, 1199, 1000, 43, '2021-09-04 05:58:30.002456', ''),
(1389, 2439, 500, 34, '2021-09-04 05:59:45.759406', ''),
(1390, 12775, 500, 31, '2021-09-04 06:00:31.175583', ''),
(1391, 975, 2000, 8, '2021-09-04 06:14:43.236893', ''),
(1392, 0, 999, 95, '2021-09-04 11:09:23.562762', ''),
(1393, 4123, 2000, 24, '2021-09-05 04:45:39.642862', ''),
(1394, 1367, 500, 95, '2021-09-05 04:50:30.888766', ''),
(1395, 1368, 100, 95, '2021-09-05 04:50:57.701963', ''),
(1396, 19831, 1500, 28, '2021-09-05 04:52:12.148001', ''),
(1397, 26702, 1500, 47, '2021-09-06 05:23:01.394445', ''),
(1398, 9511, 2500, 16, '2021-09-06 05:23:57.188344', ''),
(1399, 609, 800, 102, '2021-09-06 05:25:12.328349', ''),
(1400, 217, 1000, 10, '2021-09-07 04:56:19.011306', ''),
(1401, 22870, 1000, 33, '2021-09-07 04:57:07.181080', ''),
(1402, 3265, 500, 87, '2021-09-07 04:58:03.108954', ''),
(1403, 32135, 500, 23, '2021-09-07 04:59:01.694924', ''),
(1404, 4807, 500, 13, '2021-09-07 04:59:52.440145', ''),
(1405, 1169, 1000, 81, '2021-09-07 05:05:58.687537', ''),
(1406, 10638, 1000, 20, '2021-09-07 05:08:54.781388', ''),
(1407, 535, 500, 86, '2021-09-07 10:19:34.007015', ''),
(1408, 4809, 500, 13, '2021-09-07 10:20:10.264722', ''),
(1409, 26718, 1000, 47, '2021-09-08 04:51:09.920689', ''),
(1410, 211, 1000, 77, '2021-09-08 04:54:00.920596', ''),
(1411, 9516, 1000, 16, '2021-09-08 04:58:45.600142', ''),
(1412, 2034, 1500, 51, '2021-09-08 05:00:28.854338', ''),
(1413, 31, 2000, 17, '2021-09-11 05:36:02.701274', ''),
(1414, 144, 1000, 82, '2021-09-11 05:39:16.057062', ''),
(1415, 8588, 1710, 45, '2021-09-11 05:46:22.867046', ''),
(1416, 3935, 2000, 24, '2021-09-11 05:47:13.246748', ''),
(1417, 9918, 2000, 96, '2021-09-11 05:48:08.047930', ''),
(1418, 4995, 500, 84, '2021-09-11 05:53:51.016216', ''),
(1419, 4217, 3000, 24, '2021-09-12 05:05:10.077283', ''),
(1420, 19968, 3000, 28, '2021-09-12 05:06:29.539786', ''),
(1421, 9551, 2500, 16, '2021-09-13 05:16:23.802552', ''),
(1422, 108, 2000, 75, '2021-09-13 05:17:16.845861', ''),
(1423, 3492, 1500, 37, '2021-09-13 05:20:53.522803', ''),
(1424, 26955, 2500, 47, '2021-09-13 05:21:51.926599', ''),
(1425, 7617, 5389, 63, '2021-09-13 05:26:58.192389', ''),
(1426, 5275, 1780, 85, '2021-09-13 05:31:11.185140', ''),
(1427, 625, 1000, 102, '2021-09-13 05:35:25.128690', ''),
(1428, 6404, 1000, 11, '2021-09-14 05:42:06.362039', ''),
(1429, 9280, 500, 73, '2021-09-14 05:43:23.183085', ''),
(1430, 11773, 1000, 59, '2021-09-14 05:44:47.135190', ''),
(1431, 392, 500, 21, '2021-09-14 05:49:17.867195', ''),
(1432, 50, 2000, 17, '2021-09-14 05:50:08.532088', ''),
(1433, 285, 3000, 10, '2021-09-14 05:51:13.887241', ''),
(1434, 3272, 1000, 87, '2021-09-14 05:52:23.523236', ''),
(1435, 216, 500, 77, '2021-09-14 05:53:16.007482', ''),
(1436, 10774, 1500, 20, '2021-09-14 05:54:03.823192', ''),
(1437, 170, 1020, 65, '2021-09-14 06:00:29.941876', ''),
(1438, 2019, 2320, 98, '2021-09-15 09:11:18.327476', ''),
(1439, 9560, 2500, 16, '2021-09-15 09:11:54.725171', ''),
(1440, 2140, 1500, 48, '2021-09-15 09:14:03.075653', ''),
(1441, 4844, 1000, 13, '2021-09-15 09:17:05.016783', ''),
(1442, 37262, 1100, 103, '2021-09-15 09:27:00.599237', ''),
(1443, 9608, 1900, 16, '2021-09-20 04:48:35.798547', ''),
(1444, 645, 1000, 102, '2021-09-20 05:09:30.527701', ''),
(1445, 27072, 2000, 47, '2021-09-20 05:10:47.021756', ''),
(1446, 4470, 500, 84, '2021-09-20 05:11:45.773290', ''),
(1447, 411, 710, 82, '2021-09-20 05:12:46.413209', ''),
(1448, 24616, 1000, 71, '2021-09-20 05:13:40.361095', ''),
(1449, 205, 2500, 17, '2021-09-20 05:14:13.299059', ''),
(1450, 640, 1780, 85, '2021-09-20 05:16:01.295255', ''),
(1451, 4224, 2500, 24, '2021-09-20 05:17:49.374906', ''),
(1452, 17541, 500, 22, '2021-09-20 05:18:34.045670', ''),
(1453, 19999, 1000, 28, '2021-09-20 05:19:27.932614', ''),
(1454, 4760, 2000, 37, '2021-09-20 05:20:16.842733', ''),
(1455, 3552, 1000, 55, '2021-09-20 05:21:19.853783', ''),
(1456, 8846, 1730, 45, '2021-09-20 05:22:48.832197', ''),
(1457, 1122, 1000, 95, '2021-09-20 05:25:57.745006', ''),
(1458, 4902, 1000, 13, '2021-09-20 10:24:34.239868', ''),
(1459, 1227, 1000, 99, '2021-09-20 10:28:44.606531', ''),
(1460, 224, 500, 77, '2021-09-20 10:29:51.316833', ''),
(1461, 5701, 500, 97, '2021-09-20 13:17:40.520197', ''),
(1462, 231, 2500, 17, '2021-09-21 05:14:49.503147', ''),
(1463, 1217, 1000, 51, '2021-09-21 05:16:04.358328', ''),
(1464, 3279, 739, 87, '2021-09-21 05:17:05.031790', ''),
(1465, 353, 1000, 10, '2021-09-21 05:18:06.247661', ''),
(1466, 32575, 500, 23, '2021-09-21 05:19:07.687320', ''),
(1467, 10796, 1000, 20, '2021-09-21 05:19:58.169030', ''),
(1468, 2317, 3835, 80, '2021-09-22 04:54:06.404138', ''),
(1469, 2155, 1500, 60, '2021-09-22 05:21:20.178940', ''),
(1470, 9617, 2000, 16, '2021-09-22 05:24:29.137866', ''),
(1471, 2060, 500, 98, '2021-09-22 05:25:31.306786', ''),
(1472, 816, 500, 86, '2021-09-22 05:26:48.444275', ''),
(1473, 4235, 2500, 24, '2021-09-22 05:29:18.444021', ''),
(1474, 27090, 2500, 47, '2021-09-22 05:30:25.174019', ''),
(1475, 239, 2000, 17, '2021-09-23 05:07:10.279413', ''),
(1476, 11794, 1000, 59, '2021-09-23 05:09:06.744438', ''),
(1477, 399, 1500, 90, '2021-09-23 05:09:52.378926', ''),
(1478, 245, 1000, 21, '2021-09-23 05:22:57.547450', ''),
(1479, 5746, 500, 93, '2021-09-25 04:40:49.922480', ''),
(1480, 5745, 500, 92, '2021-09-25 04:42:00.801538', ''),
(1481, 4794, 500, 6, '2021-09-25 04:42:43.092862', ''),
(1482, 2978, 1000, 34, '2021-09-25 04:44:11.545241', ''),
(1483, 9471, 1500, 63, '2021-09-25 04:45:02.499797', ''),
(1484, 9948, 2000, 96, '2021-09-25 04:45:43.985796', ''),
(1485, 11306, 1500, 5, '2021-09-25 04:46:33.665023', ''),
(1486, 24647, 1000, 71, '2021-09-25 04:47:47.277968', ''),
(1487, 7146, 500, 53, '2021-09-25 04:49:31.015318', ''),
(1488, 7133, 500, 89, '2021-09-25 04:50:32.033709', ''),
(1489, 6566, 2000, 8, '2021-09-25 04:52:46.927217', '22.72 $'),
(1490, 6437, 1000, 11, '2021-09-25 04:53:54.177328', ''),
(1491, 312, 500, 29, '2021-09-25 04:56:58.600354', ''),
(1492, 219, 500, 29, '2021-09-25 04:57:30.581097', ''),
(1493, 4247, 2500, 24, '2021-09-26 05:52:13.034348', ''),
(1494, 20183, 1000, 28, '2021-09-26 05:53:09.492055', ''),
(1495, 272, 3000, 94, '2021-09-26 05:54:18.594778', ''),
(1496, 3577, 4786, 55, '2021-09-26 05:56:06.499718', ''),
(1497, 2146, 1500, 48, '2021-09-26 05:57:27.473668', ''),
(1498, 17743, 1000, 22, '2021-09-26 05:58:35.718469', ''),
(1499, 111, 1000, 103, '2021-09-26 10:44:22.488141', ''),
(1500, 3166, 1000, 102, '2021-09-26 10:45:28.710248', ''),
(1501, 5650, 1000, 36, '2021-09-26 10:47:05.362798', ''),
(1502, 9664, 2500, 16, '2021-09-27 05:03:14.479140', ''),
(1503, 27236, 2500, 47, '2021-09-27 05:04:21.735704', ''),
(1504, 4774, 2000, 37, '2021-09-27 05:05:23.187470', ''),
(1505, 5928, 1000, 32, '2021-09-28 05:31:43.067299', ''),
(1506, 8714, 500, 73, '2021-09-28 05:32:43.090661', ''),
(1507, 10881, 2000, 20, '2021-09-28 05:33:41.427323', ''),
(1508, 8899, 1000, 45, '2021-09-28 06:03:11.961692', ''),
(1509, 3580, 1000, 55, '2021-09-28 06:03:57.765532', ''),
(1510, 315, 3000, 17, '2021-09-28 06:08:16.239798', ''),
(1511, 10948, 1580, 25, '2021-09-28 06:10:27.190333', ''),
(1512, 4935, 500, 13, '2021-09-28 06:11:00.467944', ''),
(1513, 409, 2000, 10, '2021-09-28 06:11:36.316987', ''),
(1514, 1302, 1060, 99, '2021-09-28 06:12:56.685593', ''),
(1515, 9677, 2500, 16, '2021-09-28 11:05:56.905776', ''),
(1516, 161, 1000, 75, '2021-09-28 11:07:05.064485', ''),
(1517, 4776, 1000, 37, '2021-09-28 11:08:10.041710', ''),
(1518, 27306, 1000, 47, '2021-09-28 12:53:48.306791', ''),
(1519, 1721, 1000, 90, '2021-09-28 12:54:32.296589', ''),
(1520, 323, 1000, 29, '2021-09-30 11:53:42.180781', ''),
(1521, 17867, 500, 22, '2021-09-30 11:54:19.839535', ''),
(1522, 23288, 1500, 33, '2021-09-30 11:55:03.494005', ''),
(1523, 3952, 500, 84, '2021-09-30 11:56:02.342560', ''),
(1524, 324, 2500, 17, '2021-09-30 11:56:48.328872', ''),
(1525, 4413, 2500, 24, '2021-10-03 04:45:04.441847', ''),
(1526, 295, 2000, 94, '2021-10-03 04:45:53.240104', ''),
(1527, 20319, 2000, 28, '2021-10-03 04:46:35.538497', ''),
(1528, 328, 1000, 29, '2021-10-04 05:35:40.985540', ''),
(1529, 3185, 1000, 102, '2021-10-04 05:36:35.856535', ''),
(1530, 4795, 1000, 37, '2021-10-04 05:37:30.350377', ''),
(1531, 3601, 500, 55, '2021-10-04 05:38:17.758585', ''),
(1532, 9963, 1500, 96, '2021-10-04 05:39:08.458636', ''),
(1533, 27350, 2500, 47, '2021-10-04 05:39:52.710910', ''),
(1534, 6402, 1000, 32, '2021-10-04 05:40:42.484654', ''),
(1535, 4969, 1841, 13, '2021-10-06 04:46:41.565872', ''),
(1536, 9735, 2500, 16, '2021-10-06 04:47:26.134803', ''),
(1537, 7451, 500, 89, '2021-10-06 04:51:00.700661', ''),
(1538, 7827, 500, 53, '2021-10-06 04:51:32.253852', ''),
(1539, 1107, 500, 38, '2021-10-06 04:52:05.788821', ''),
(1540, 27523, 500, 47, '2021-10-06 04:54:42.702928', ''),
(1541, 3936, 1500, 24, '2021-10-06 04:58:01.150703', ''),
(1542, 188, 1000, 75, '2021-10-06 05:00:21.231321', ''),
(1543, 243, 500, 77, '2021-10-06 05:09:40.665193', ''),
(1544, 893, 2000, 48, '2021-10-06 05:13:09.556710', ''),
(1545, 350, 2500, 17, '2021-10-06 05:13:41.024255', ''),
(1546, 10958, 1000, 20, '2021-10-06 05:14:27.567425', ''),
(1547, 1325, 540, 99, '2021-10-06 05:16:05.667305', ''),
(1548, 6465, 1000, 11, '2021-10-06 05:16:48.474436', ''),
(1549, 470, 1500, 10, '2021-10-06 05:17:30.646406', ''),
(1550, 648, 500, 86, '2021-10-06 05:18:11.453456', ''),
(1551, 856, 2000, 15, '2021-10-06 05:19:03.259562', ''),
(1552, 1739, 1000, 90, '2021-10-07 04:52:13.664015', ''),
(1553, 18052, 500, 22, '2021-10-07 04:53:58.830247', ''),
(1554, 257, 2500, 17, '2021-10-07 04:54:35.698062', ''),
(1555, 3938, 2500, 24, '2021-10-07 04:57:59.617323', ''),
(1556, 4416, 2000, 24, '2021-10-07 04:58:40.532118', ''),
(1557, 23458, 1000, 33, '2021-10-07 05:02:02.709301', ''),
(1558, 4799, 2000, 37, '2021-10-07 05:02:47.083536', ''),
(1559, 3871, 500, 84, '2021-10-07 05:03:26.047671', ''),
(1560, 1119, 973, 103, '2021-10-10 04:11:06.035851', ''),
(1561, 235, 1500, 101, '2021-10-10 04:12:15.604872', ''),
(1562, 4427, 2500, 24, '2021-10-10 04:12:45.364593', ''),
(1563, 7981, 2497, 63, '2021-10-10 04:19:36.861255', ''),
(1564, 7964, 3188, 63, '2021-10-10 04:22:27.357704', ''),
(1565, 11394, 1000, 5, '2021-10-10 04:27:30.684687', ''),
(1566, 1266, 500, 95, '2021-10-10 04:30:16.534226', ''),
(1567, 12027, 1000, 59, '2021-10-10 04:40:22.522883', ''),
(1568, 5304, 650, 29, '2021-10-10 04:41:22.527949', ''),
(1569, 5166, 500, 6, '2021-10-10 04:42:18.578998', ''),
(1570, 318, 2000, 94, '2021-10-10 04:43:56.135410', ''),
(1571, 5778, 500, 93, '2021-10-10 04:45:26.039024', ''),
(1572, 5777, 1000, 92, '2021-10-10 04:46:16.653647', ''),
(1573, 2445, 1913, 54, '2021-10-10 04:51:16.391110', ''),
(1574, 25101, 1000, 71, '2021-10-10 04:52:28.985176', ''),
(1575, 3106, 1500, 34, '2021-10-10 04:53:49.935210', ''),
(1576, 8654, 1000, 43, '2021-10-10 04:54:34.483168', ''),
(1577, 612, 1000, 63, '2021-10-10 04:55:39.138228', ''),
(1578, 1311, 1000, 88, '2021-10-10 04:57:47.115540', ''),
(1579, 11086, 1000, 25, '2021-10-10 05:02:01.030035', ''),
(1580, 1300, 4100, 8, '2021-10-10 05:06:20.099136', ''),
(1581, 2288, 2200, 24, '2021-10-11 04:58:33.088830', ''),
(1582, 9779, 2500, 16, '2021-10-11 05:01:51.878938', ''),
(1583, 20457, 2500, 28, '2021-10-11 05:02:31.122856', ''),
(1584, 27718, 2500, 47, '2021-10-11 05:03:09.948497', ''),
(1585, 5935, 1880, 59, '2021-10-11 05:08:12.561855', ''),
(1586, 9960, 500, 97, '2021-10-11 05:12:02.593815', ''),
(1587, 496, 1000, 21, '2021-10-11 11:57:04.140046', ''),
(1588, 1212, 1000, 81, '2021-10-11 11:58:53.253599', ''),
(1589, 3298, 720, 87, '2021-10-11 11:59:46.063645', ''),
(1590, 534, 1000, 10, '2021-10-11 12:00:43.191081', ''),
(1591, 288, 2500, 17, '2021-10-11 12:01:10.528934', ''),
(1592, 33071, 1500, 23, '2021-10-11 12:15:21.130415', ''),
(1593, 9984, 2000, 96, '2021-10-11 12:16:00.082095', ''),
(1594, 10984, 1000, 20, '2021-10-11 12:16:40.351070', ''),
(1595, 2952, 1000, 102, '2021-10-11 12:17:27.079122', ''),
(1596, 4447, 4500, 24, '2021-10-17 04:39:27.244556', ''),
(1597, 4003, 2000, 32, '2021-10-17 04:40:36.154704', ''),
(1598, 5421, 1000, 13, '2021-10-17 04:43:52.185870', ''),
(1599, 18256, 1000, 22, '2021-10-17 04:44:52.074879', ''),
(1600, 20497, 2500, 28, '2021-10-17 04:45:38.048001', ''),
(1601, 6670, 2000, 36, '2021-10-17 04:48:42.998322', ''),
(1602, 2205, 1500, 60, '2021-10-17 04:49:35.778546', ''),
(1603, 2437, 2150, 80, '2021-10-17 04:51:56.443946', ''),
(1604, 9831, 2500, 16, '2021-10-18 04:46:41.763302', ''),
(1605, 4879, 1500, 37, '2021-10-18 04:47:40.142923', ''),
(1606, 5670, 1000, 97, '2021-10-18 04:49:55.146253', ''),
(1607, 5422, 2000, 13, '2021-10-18 04:58:18.063574', ''),
(1608, 312, 530, 77, '2021-10-18 04:59:12.187749', ''),
(1609, 27828, 1500, 47, '2021-10-18 04:59:58.780898', ''),
(1610, 236, 1000, 75, '2021-10-18 05:00:32.777754', ''),
(1611, 2975, 500, 102, '2021-10-18 05:03:18.547775', ''),
(1612, 350, 1000, 94, '2021-10-20 05:05:10.353882', ''),
(1613, 1373, 500, 99, '2021-10-20 05:05:49.008024', ''),
(1614, 33266, 500, 23, '2021-10-20 05:06:21.527431', ''),
(1615, 5183, 500, 6, '2021-10-20 05:06:56.995420', ''),
(1616, 507, 500, 21, '2021-10-20 05:07:28.254664', ''),
(1617, 600, 1000, 10, '2021-10-20 05:08:03.831336', ''),
(1618, 9996, 1500, 96, '2021-10-20 05:08:30.852553', ''),
(1619, 11057, 3000, 20, '2021-10-20 05:20:30.227519', ''),
(1620, 463, 500, 26, '2021-10-21 04:51:11.894960', ''),
(1621, 1006, 2000, 15, '2021-10-21 04:52:19.298974', ''),
(1622, 18273, 500, 22, '2021-10-21 04:53:06.234679', ''),
(1623, 2961, 500, 98, '2021-10-21 04:53:48.873616', ''),
(1624, 348, 1000, 29, '2021-10-21 04:55:36.574329', ''),
(1625, 27851, 1500, 47, '2021-10-21 04:57:30.992043', ''),
(1626, 919, 2500, 17, '2021-10-21 04:58:17.471052', ''),
(1627, 3560, 500, 84, '2021-10-21 04:59:56.506647', ''),
(1628, 20526, 1500, 28, '2021-10-21 05:00:48.402094', ''),
(1629, 4885, 1000, 37, '2021-10-21 05:01:38.084118', ''),
(1630, 1778, 1000, 90, '2021-10-21 05:02:16.540186', ''),
(1631, 1295, 500, 95, '2021-10-23 09:50:39.811889', ''),
(1632, 4163, 2500, 24, '2021-10-23 09:52:33.274101', ''),
(1633, 8873, 500, 53, '2021-10-23 09:53:14.864659', ''),
(1634, 7468, 500, 89, '2021-10-23 09:54:06.001518', ''),
(1635, 11857, 1500, 5, '2021-10-23 09:54:43.311146', ''),
(1636, 5309, 500, 29, '2021-10-23 09:55:31.036788', ''),
(1637, 25196, 500, 71, '2021-10-23 09:56:15.914375', ''),
(1638, 3145, 326, 34, '2021-10-23 09:57:10.625690', ''),
(1639, 660, 1000, 63, '2021-10-23 09:57:44.871119', ''),
(1640, 12419, 500, 59, '2021-10-23 09:58:21.425956', ''),
(1641, 11188, 1500, 25, '2021-10-23 09:59:09.622907', ''),
(1642, 3663, 500, 55, '2021-10-23 10:00:15.216951', ''),
(1643, 6502, 500, 11, '2021-10-23 10:01:56.927907', ''),
(1644, 13671, 500, 56, '2021-10-23 10:10:33.196124', ''),
(1645, 372, 2000, 94, '2021-10-25 04:39:06.253438', ''),
(1646, 2997, 1200, 102, '2021-10-25 04:40:08.677021', ''),
(1647, 4165, 500, 24, '2021-10-25 04:43:32.295575', ''),
(1648, 4952, 2000, 37, '2021-10-25 04:44:22.449002', ''),
(1649, 6681, 1000, 36, '2021-10-25 04:45:05.212733', ''),
(1650, 9872, 2000, 16, '2021-10-25 04:48:37.172424', ''),
(1651, 2206, 500, 48, '2021-10-25 04:49:24.177280', ''),
(1652, 962, 1710, 82, '2021-10-25 04:52:15.486507', ''),
(1653, 27877, 2000, 47, '2021-10-25 04:59:40.482958', ''),
(1654, 937, 2500, 17, '2021-10-25 05:00:13.232731', ''),
(1655, 20544, 2500, 28, '2021-10-25 05:01:06.708814', ''),
(1656, 2, 9890, 17, '2021-10-25 05:22:48.746831', 'Corerction'),
(1657, 609, 1000, 96, '2021-10-26 05:06:16.691294', ''),
(1658, 527, 500, 21, '2021-10-26 05:07:17.921125', ''),
(1659, 11083, 1000, 20, '2021-10-26 05:08:22.663315', ''),
(1660, 1397, 600, 99, '2021-10-26 05:09:09.939960', ''),
(1661, 33407, 1000, 23, '2021-10-26 05:09:46.254657', ''),
(1662, 4169, 1000, 24, '2021-10-26 05:11:00.088488', ''),
(1663, 670, 500, 10, '2021-10-26 05:13:14.147482', ''),
(1664, 4028, 500, 32, '2021-10-26 05:15:35.803447', ''),
(1665, 3481, 2900, 8, '2021-10-26 05:21:18.096269', '32 $ Price AFg 2900\r\n\r\n\r\n\r\n\r\n'),
(1666, 830, 500, 86, '2021-10-27 04:48:30.363878', ''),
(1667, 4170, 2000, 24, '2021-10-27 04:51:11.452235', ''),
(1668, 3678, 500, 55, '2021-10-27 04:51:56.701432', ''),
(1669, 9881, 1000, 16, '2021-10-27 04:52:30.480138', ''),
(1670, 5194, 500, 6, '2021-10-27 04:53:10.073539', ''),
(1671, 5453, 500, 13, '2021-10-27 04:53:53.407151', ''),
(1672, 27894, 1000, 47, '2021-10-27 04:54:36.082114', ''),
(1673, 20770, 765, 47, '2021-10-27 04:58:25.291822', ''),
(1674, 23727, 1000, 69, '2021-10-28 11:08:00.223553', ''),
(1675, 3593, 500, 84, '2021-10-28 11:16:48.331660', ''),
(1676, 5336, 500, 29, '2021-10-28 11:17:59.243296', ''),
(1677, 8407, 5873, 43, '2021-10-28 11:23:01.753294', ''),
(1678, 6508, 500, 11, '2021-10-28 11:23:43.095676', ''),
(1679, 4222, 500, 6, '2021-10-28 11:24:28.577645', ''),
(1680, 25424, 500, 71, '2021-10-28 11:27:58.655908', ''),
(1681, 11310, 1500, 25, '2021-10-28 11:29:05.946013', ''),
(1682, 4959, 2000, 37, '2021-10-28 11:31:06.559635', ''),
(1683, 20661, 2000, 28, '2021-10-28 11:32:10.280801', ''),
(1684, 1520, 1000, 90, '2021-10-28 11:32:59.527327', ''),
(1685, 302, 2500, 101, '2021-10-28 11:34:04.808820', ''),
(1686, 881, 1500, 51, '2021-10-28 11:35:26.139483', ''),
(1687, 18409, 500, 22, '2021-10-28 11:36:20.400168', ''),
(1688, 9902, 1000, 45, '2021-10-28 11:37:49.092382', ''),
(1689, 1386, 1500, 14, '2021-10-28 11:38:42.439062', ''),
(1690, 1030, 2000, 15, '2021-10-28 11:39:38.126681', ''),
(1691, 948, 2000, 17, '2021-10-28 11:40:39.302923', ''),
(1692, 5824, 500, 92, '2021-10-28 11:51:16.617050', ''),
(1693, 12441, 500, 59, '2021-10-28 12:15:37.840597', ''),
(1694, 19124, 1000, 76, '2021-10-28 12:41:33.505058', ''),
(1695, 19124, 360, 76, '2021-10-28 12:43:59.072642', ''),
(1696, 333, 1500, 75, '2021-10-28 12:48:54.437420', ''),
(1697, 9925, 2000, 16, '2021-11-01 04:45:50.640221', ''),
(1698, 400, 2000, 94, '2021-11-01 04:46:57.677634', ''),
(1699, 6695, 1500, 36, '2021-11-01 04:52:18.673817', ''),
(1700, 28140, 3000, 47, '2021-11-01 04:53:46.785495', ''),
(1701, 4182, 2000, 24, '2021-11-01 04:58:46.225486', ''),
(1702, 4351, 2000, 24, '2021-11-01 04:59:33.039755', ''),
(1703, 2222, 1000, 48, '2021-11-01 05:01:22.994705', ''),
(1704, 9963, 2000, 45, '2021-11-01 05:02:13.392458', ''),
(1705, 687, 1500, 63, '2021-11-01 05:04:33.877957', ''),
(1706, 20679, 2000, 28, '2021-11-01 05:05:10.441580', ''),
(1707, 11315, 1500, 25, '2021-11-01 05:08:08.612757', ''),
(1708, 8442, 3000, 8, '2021-11-01 05:10:51.295007', ''),
(1709, 30972, 1919, 60, '2021-11-01 07:11:08.084455', ''),
(1710, 9850, 500, 73, '2021-11-02 04:45:35.055309', ''),
(1711, 547, 700, 21, '2021-11-02 04:47:51.912818', ''),
(1712, 4978, 2000, 37, '2021-11-02 04:48:35.008092', ''),
(1713, 33602, 1000, 23, '2021-11-02 04:49:39.165793', ''),
(1714, 1471, 500, 99, '2021-11-02 04:50:47.659160', ''),
(1715, 621, 2000, 96, '2021-11-02 04:51:28.639172', ''),
(1716, 736, 1500, 10, '2021-11-02 04:52:05.949958', ''),
(1718, 11166, 2000, 20, '2021-11-02 04:52:43.337587', ''),
(1719, 30311, 1190, 14, '2021-11-02 04:55:13.981708', ''),
(1720, 8474, 3940, 43, '2021-11-02 04:58:38.584110', ''),
(1721, 0, 5402, 102, '2021-11-02 06:44:49.508550', 'Correction'),
(1722, 4352, 2500, 24, '2021-11-03 05:19:25.963705', ''),
(1723, 9938, 2500, 16, '2021-11-03 05:19:56.749884', ''),
(1724, 7487, 500, 89, '2021-11-03 05:20:29.521250', ''),
(1725, 8609, 500, 53, '2021-11-03 05:21:37.729894', ''),
(1726, 37848, 1168, 103, '2021-11-03 05:24:12.125363', ''),
(1727, 4354, 2000, 24, '2021-11-07 04:53:29.257882', ''),
(1728, 4187, 2500, 24, '2021-11-07 04:55:11.125638', ''),
(1729, 4237, 1000, 6, '2021-11-07 04:56:39.003578', ''),
(1730, 413, 1000, 75, '2021-11-07 04:58:41.890979', ''),
(1731, 14, 1000, 14, '2021-11-07 05:00:03.129115', ''),
(1732, 399, 1000, 102, '2021-11-07 05:02:06.821833', ''),
(1733, 12606, 1000, 59, '2021-11-07 05:07:41.639116', ''),
(1734, 20811, 1000, 28, '2021-11-07 05:08:56.139552', ''),
(1735, 20694, 2000, 28, '2021-11-07 05:11:59.686148', ''),
(1736, 11332, 2000, 25, '2021-11-07 05:13:02.563453', ''),
(1737, 635, 1500, 96, '2021-11-07 05:14:31.067324', ''),
(1738, 3459, 500, 98, '2021-11-07 05:18:28.192310', ''),
(1739, 25449, 1000, 71, '2021-11-07 05:19:44.094595', ''),
(1740, 7270, 2000, 43, '2021-11-07 05:20:50.859556', ''),
(1741, 11911, 1500, 5, '2021-11-07 05:26:00.819192', ''),
(1742, 5347, 1500, 29, '2021-11-07 05:29:23.957435', ''),
(1743, 1827, 1500, 90, '2021-11-07 05:31:57.403449', ''),
(1744, 18602, 500, 22, '2021-11-07 05:33:23.217758', ''),
(1745, 2530, 1084, 80, '2021-11-07 05:36:57.381237', ''),
(1746, 4251, 500, 84, '2021-11-07 05:38:19.085527', ''),
(1747, 1055, 1000, 15, '2021-11-07 05:39:42.623555', ''),
(1748, 11172, 2000, 20, '2021-11-07 05:40:47.096988', ''),
(1749, 2246, 1000, 60, '2021-11-07 05:45:59.416009', ''),
(1751, 615, 2500, 17, '2021-11-07 05:52:47.475586', ''),
(1752, 1107, 500, 86, '2021-11-07 06:10:18.970999', ''),
(1753, 5488, 2000, 13, '2021-11-07 06:18:35.507769', ''),
(1754, 28154, 2000, 47, '2021-11-07 06:19:45.266150', ''),
(1755, 9985, 2720, 45, '2021-11-08 06:30:20.139036', ''),
(1756, 4465, 2000, 37, '2021-11-08 06:32:27.674020', ''),
(1757, 28193, 2500, 47, '2021-11-08 06:33:49.466434', ''),
(1758, 635, 2500, 17, '2021-11-08 06:36:15.571939', ''),
(1759, 6208, 2000, 36, '2021-11-08 06:36:58.595406', ''),
(1760, 4051, 2000, 24, '2021-11-08 06:38:15.458689', ''),
(1761, 9967, 2000, 16, '2021-11-08 06:39:32.119953', ''),
(1762, 571, 1000, 21, '2021-11-09 06:50:53.535279', ''),
(1763, 640, 2000, 96, '2021-11-09 06:52:41.181534', ''),
(1764, 1492, 500, 99, '2021-11-09 06:56:05.352515', ''),
(1765, 11195, 2000, 20, '2021-11-09 06:56:39.434373', ''),
(1766, 33640, 1000, 23, '2021-11-09 06:57:15.819715', ''),
(1767, 4054, 2200, 24, '2021-11-09 06:59:34.537254', ''),
(1768, 804, 2000, 10, '2021-11-09 07:03:02.144897', ''),
(1769, 3725, 1000, 55, '2021-11-10 04:55:42.773458', ''),
(1770, 4173, 1000, 32, '2021-11-10 04:56:37.293637', ''),
(1771, 8629, 500, 53, '2021-11-10 05:00:45.229943', ''),
(1772, 7495, 500, 89, '2021-11-10 05:02:18.344677', ''),
(1773, 5755, 1000, 13, '2021-11-10 05:03:14.482053', ''),
(1774, 28513, 2000, 47, '2021-11-10 05:04:06.109403', ''),
(1775, 6678, 1000, 59, '2021-11-10 05:06:24.494017', ''),
(1776, 8594, 2825, 43, '2021-11-10 05:13:56.986932', ''),
(1777, 18644, 1961, 22, '2021-11-10 10:53:31.788123', ''),
(1778, 1082, 1004, 15, '2021-11-11 05:21:38.122481', ''),
(1779, 644, 2500, 17, '2021-11-11 05:24:26.077735', ''),
(1780, 1251, 1000, 20, '2021-11-11 05:29:56.654734', ''),
(1781, 1251, 1000, 20, '2021-11-11 05:29:56.790662', ''),
(1782, 4471, 3001, 37, '2021-11-11 05:30:35.093922', ''),
(1783, 4055, 1500, 24, '2021-11-11 05:31:18.765708', ''),
(1784, 398, 2000, 94, '2021-11-14 05:48:23.301024', ''),
(1785, 5656, 1000, 6, '2021-11-14 05:48:58.724125', ''),
(1786, 4066, 2000, 24, '2021-11-14 05:49:32.022308', ''),
(1787, 4488, 27000, 37, '2021-11-14 11:38:22.093205', ''),
(1788, 0, 5513, 37, '2021-11-14 11:38:54.260980', 'Correction'),
(1789, 6368, 2020, 36, '2021-11-15 04:37:10.501319', ''),
(1790, 6368, 2020, 36, '2021-11-15 04:37:10.586083', ''),
(1791, 4067, 2350, 24, '2021-11-15 04:39:51.370927', ''),
(1792, 10907, 2000, 16, '2021-11-15 04:40:29.361479', ''),
(1793, 452, 1000, 75, '2021-11-15 04:41:08.078893', ''),
(1794, 28607, 2000, 47, '2021-11-15 04:42:09.713975', ''),
(1795, 20847, 2500, 28, '2021-11-15 04:45:05.424098', ''),
(1796, 1576, 2500, 99, '2021-11-16 04:59:50.178561', ''),
(1797, 645, 1500, 96, '2021-11-16 05:00:43.885658', ''),
(1798, 587, 1000, 21, '2021-11-16 05:01:23.556598', ''),
(1799, 880, 2000, 10, '2021-11-16 05:04:50.586322', ''),
(1800, 454, 1256, 75, '2021-11-16 05:06:46.174048', ''),
(1801, 33826, 1500, 23, '2021-11-16 05:08:12.617439', ''),
(1802, 7832, 1620, 25, '2021-11-16 05:12:33.090650', ''),
(1803, 11271, 1500, 20, '2021-11-16 05:13:10.277102', ''),
(1804, 8701, 2230, 43, '2021-11-16 10:49:49.552412', ''),
(1805, 7659, 1905, 89, '2021-11-16 10:56:38.290546', ''),
(1806, 8252, 4486, 53, '2021-11-16 10:57:41.667727', ''),
(1807, 2213, 5350, 26, '2021-11-16 12:30:06.573860', ''),
(1808, 6567, 6485, 11, '2021-11-18 04:46:29.597609', ''),
(1809, 24085, 1000, 33, '2021-11-18 04:52:07.510359', ''),
(1810, 24166, 500, 69, '2021-11-18 04:53:21.118862', ''),
(1811, 28622, 1000, 47, '2021-11-18 04:53:57.595185', ''),
(1812, 4072, 2000, 24, '2021-11-18 04:56:39.918601', ''),
(1813, 2461, 2200, 24, '2021-11-18 04:57:19.755937', ''),
(1814, 10922, 1050, 16, '2021-11-18 05:00:25.101813', '');
INSERT INTO `credit` (`bill_id`, `bill_no`, `amount`, `company_id`, `created_at`, `detail`) VALUES
(1815, 10916, 2000, 16, '2021-11-18 05:00:40.106666', ''),
(1816, 662, 2000, 96, '2021-11-18 05:01:16.305624', ''),
(1817, 819, 1500, 17, '2021-11-18 05:01:58.549344', ''),
(1818, 12647, 1000, 59, '2021-11-18 05:02:41.942277', ''),
(1819, 11279, 501, 20, '2021-11-18 05:03:24.593891', ''),
(1820, 20969, 2000, 28, '2021-11-18 05:04:02.167379', ''),
(1821, 1100, 1000, 15, '2021-11-18 05:05:11.604815', ''),
(1822, 349, 1000, 77, '2021-11-18 05:05:46.604892', ''),
(1823, 1287, 6495, 38, '2021-11-18 05:06:40.821347', ''),
(1824, 8251, 1082, 53, '2021-11-18 05:08:42.829911', ''),
(1825, 860, 1000, 107, '2021-11-18 05:47:17.620423', ''),
(1826, 956, 500, 108, '2021-11-18 05:58:26.536593', ''),
(1827, 967, 500, 108, '2021-11-18 05:58:38.192194', ''),
(1828, 328, 1000, 108, '2021-11-18 05:58:52.318966', ''),
(1829, 348, 1000, 108, '2021-11-18 05:59:06.288053', ''),
(1830, 985, 1000, 108, '2021-11-18 05:59:27.773496', ''),
(1831, 1, 500, 108, '2021-11-18 06:26:49.523876', ''),
(1832, 1625, 1350, 19, '2021-11-18 06:28:37.667077', ''),
(1833, 3157, 500, 29, '2021-11-18 06:36:53.746042', ''),
(1834, 3170, 500, 29, '2021-11-18 06:37:08.646506', ''),
(1835, 1293, 500, 29, '2021-11-18 06:37:21.584948', ''),
(1836, 25952, 1000, 71, '2021-11-18 08:20:39.702897', ''),
(1837, 457, 1500, 94, '2021-11-18 10:19:54.273892', ''),
(1838, 5426, 1000, 29, '2021-11-18 10:32:43.233586', ''),
(1839, 0, 5589, 29, '2021-11-18 10:33:42.187905', 'CORRECTION'),
(1840, 1890, 1500, 90, '2021-11-18 10:34:16.359091', ''),
(1841, 4362, 1000, 37, '2021-11-18 10:36:24.431243', ''),
(1842, 5794, 500, 13, '2021-11-18 10:37:01.376091', ''),
(1843, 922, 2000, 10, '2021-11-18 10:40:00.753371', ''),
(1844, 1456, 2000, 63, '2021-11-18 10:40:35.961417', ''),
(1845, 4099, 1000, 102, '2021-11-18 10:42:20.986880', ''),
(1846, 5665, 1000, 6, '2021-11-18 11:00:04.129514', ''),
(1847, 4109, 1000, 87, '2021-11-18 11:08:06.694229', ''),
(1848, 10277, 1000, 45, '2021-11-20 04:59:28.853505', ''),
(1849, 12031, 1000, 5, '2021-11-20 05:00:13.596647', ''),
(1850, 38, 1500, 14, '2021-11-20 05:01:26.986512', ''),
(1851, 674, 1140, 5, '2021-11-20 05:16:02.025634', ''),
(1852, 340, 1000, 19, '2021-11-20 07:13:28.962248', ''),
(1853, 362, 2000, 19, '2021-11-20 07:13:43.982067', ''),
(1854, 20983, 2500, 28, '2021-11-20 10:47:13.671779', ''),
(1855, 4086, 2000, 24, '2021-11-20 11:03:49.146474', ''),
(1856, 839, 1000, 86, '2021-11-21 04:37:34.295651', ''),
(1857, 0, 3913, 57, '2021-11-21 05:56:56.825164', ''),
(1858, 1, 1020, 65, '2021-11-21 06:22:17.174839', 'Correction '),
(1859, 28644, 2000, 47, '2021-11-21 10:18:16.341990', ''),
(1860, 5667, 10250, 6, '2021-11-21 10:42:42.084266', ''),
(1861, 1, 700, 6, '2021-11-21 10:43:03.677479', 'Corection'),
(1862, 10964, 4000, 8, '2021-11-21 12:41:52.781651', ''),
(1863, 10859, 2000, 16, '2021-11-22 05:32:08.591467', ''),
(1864, 6383, 1500, 36, '2021-11-22 05:34:07.117349', ''),
(1865, 723, 404, 102, '2021-11-22 05:40:28.541847', ''),
(1866, 5335, 2116, 8, '2021-11-22 12:01:48.323519', ''),
(1867, 41, 3000, 51, '2021-11-25 05:21:04.810644', ''),
(1868, 11294, 1000, 20, '2021-11-25 05:21:56.720663', ''),
(1869, 34051, 1000, 23, '2021-11-25 05:22:35.824475', ''),
(1870, 1264, 4257, 81, '2021-11-25 05:23:28.188204', ''),
(1871, 738, 9420, 96, '2021-11-29 11:03:10.131738', 'returne ddr'),
(1872, 398, 620, 19, '2021-12-01 04:51:01.373384', ''),
(1873, 3780, 1590, 55, '2021-12-01 04:51:41.810776', ''),
(1874, 1664, 900, 99, '2021-12-01 04:59:34.830907', ''),
(1875, 10438, 1500, 45, '2021-12-01 05:02:06.780009', ''),
(1876, 338, 1100, 61, '2021-12-01 05:06:21.512355', ''),
(1877, 680, 1500, 96, '2021-12-01 05:07:00.561558', ''),
(1878, 226, 4560, 24, '2021-12-01 05:13:22.287205', ''),
(1879, 460, 2000, 108, '2021-12-01 05:15:29.725305', ''),
(1880, 11370, 1000, 20, '2021-12-01 05:16:14.098943', ''),
(1881, 34093, 1000, 23, '2021-12-01 05:17:28.243886', ''),
(1882, 21119, 5000, 28, '2021-12-01 05:18:17.183080', ''),
(1883, 1482, 1000, 63, '2021-12-01 05:19:12.647924', ''),
(1884, 24412, 1000, 33, '2021-12-01 05:19:52.927205', ''),
(1885, 1470, 500, 90, '2021-12-01 05:26:09.661124', ''),
(1886, 357, 1000, 77, '2021-12-01 05:32:21.545095', ''),
(1887, 11354, 2189, 80, '2021-12-01 05:34:49.275146', ''),
(1888, 4381, 1000, 32, '2021-12-02 05:00:30.440933', ''),
(1889, 803, 500, 75, '2021-12-02 05:02:00.670653', ''),
(1890, 56, 3000, 51, '2021-12-02 05:02:33.307114', ''),
(1891, 12994, 500, 59, '2021-12-02 05:03:17.959706', ''),
(1892, 965, 1000, 15, '2021-12-02 05:03:45.131546', ''),
(1893, 2130, 12160, 90, '2021-12-02 07:10:28.583521', ''),
(1894, 435, 2200, 24, '2021-12-05 11:15:00.122541', ''),
(1895, 1517, 1370, 90, '2021-12-06 05:18:44.751397', ''),
(1896, 10821, 1040, 45, '2021-12-06 05:21:32.613459', ''),
(1897, 10322, 3000, 8, '2021-12-06 05:24:05.075300', '31.25$'),
(1898, 28993, 2000, 47, '2021-12-06 05:25:22.457843', ''),
(1899, 21252, 1500, 28, '2021-12-06 05:26:10.660936', ''),
(1900, 514, 1000, 94, '2021-12-06 05:26:40.762938', ''),
(1901, 1724, 1350, 5, '2021-12-06 05:29:01.660795', ''),
(1902, 12254, 500, 5, '2021-12-06 05:29:18.771386', ''),
(1903, 520, 1010, 75, '2021-12-06 05:32:19.919010', ''),
(1904, 4135, 1190, 87, '2021-12-06 05:36:25.296065', ''),
(1905, 4133, 500, 87, '2021-12-06 05:36:43.220260', ''),
(1906, 26105, 500, 71, '2021-12-06 05:37:33.593775', ''),
(1907, 21240, 1036, 47, '2021-12-06 05:39:52.745210', ''),
(1908, 8790, 1249, 63, '2021-12-06 05:42:30.539788', ''),
(1909, 13210, 1000, 59, '2021-12-08 06:51:19.680581', ''),
(1910, 1101, 1000, 96, '2021-12-08 06:51:54.628671', ''),
(1911, 11764, 500, 25, '2021-12-08 06:52:51.666817', ''),
(1912, 34335, 500, 23, '2021-12-08 06:54:15.485060', ''),
(1913, 29262, 2000, 47, '2021-12-08 06:55:10.152392', ''),
(1914, 7359, 1500, 36, '2021-12-08 06:55:42.361565', ''),
(1915, 469, 1000, 108, '2021-12-08 06:56:12.555957', ''),
(1916, 1134, 500, 86, '2021-12-08 06:56:41.913073', ''),
(1917, 6020, 5516, 84, '2021-12-08 10:47:47.704069', ''),
(1918, 3441, 1160, 20, '2021-12-09 07:48:05.570544', ''),
(1919, 448, 2200, 24, '2021-12-09 07:50:00.580431', ''),
(1920, 834, 2000, 75, '2021-12-09 07:50:37.405128', ''),
(1921, 4501, 5000, 32, '2021-12-09 07:51:11.435808', ''),
(1922, 4580, 2690, 37, '2021-12-09 07:51:48.491082', ''),
(1923, 24426, 2000, 33, '2021-12-09 07:52:50.070468', ''),
(1924, 538, 1000, 94, '2021-12-09 10:54:00.534464', ''),
(1925, 11779, 1000, 25, '2021-12-09 10:55:01.692013', ''),
(1926, 1310, 500, 15, '2021-12-09 10:58:35.697459', ''),
(1927, 930, 1370, 5, '2021-12-15 05:37:28.112046', ''),
(1928, 2394, 500, 60, '2021-12-15 05:39:23.867360', ''),
(1929, 29420, 2000, 47, '2021-12-15 05:43:52.901453', ''),
(1930, 29403, 4000, 47, '2021-12-15 05:44:10.565647', ''),
(1931, 10681, 500, 73, '2021-12-15 05:45:01.504612', ''),
(1932, 2203, 1000, 90, '2021-12-15 05:45:37.619542', ''),
(1933, 84, 2000, 51, '2021-12-15 05:46:33.054586', ''),
(1934, 34625, 500, 23, '2021-12-15 05:47:27.998200', ''),
(1935, 1404, 1200, 38, '2021-12-15 05:49:42.620623', ''),
(1936, 26130, 500, 71, '2021-12-15 05:50:27.597044', ''),
(1937, 12285, 500, 5, '2021-12-15 05:51:26.774849', ''),
(1938, 21282, 1500, 28, '2021-12-15 05:52:24.744454', ''),
(1939, 2556, 1000, 102, '2021-12-15 05:53:25.507046', ''),
(1940, 21296, 1500, 28, '2021-12-15 09:40:00.805312', ''),
(1941, 1593, 780, 90, '2021-12-16 07:46:06.599632', ''),
(1942, 4517, 1000, 32, '2021-12-16 07:49:04.735528', ''),
(1943, 1316, 500, 15, '2021-12-16 07:49:27.025879', ''),
(1945, 1510, 1000, 100, '2021-12-16 09:49:56.397504', ''),
(1946, 1529, 1000, 100, '2021-12-16 09:50:08.141691', ''),
(1947, 4611, 500, 98, '2021-12-18 07:11:32.492234', ''),
(1948, 2143, 1000, 63, '2021-12-18 07:12:08.697134', ''),
(1949, 4201, 1430, 37, '2021-12-18 07:17:17.367091', ''),
(1950, 11800, 500, 25, '2021-12-18 07:17:55.593711', ''),
(1951, 29445, 1500, 47, '2021-12-20 05:10:32.649586', ''),
(1952, 7387, 500, 36, '2021-12-20 05:11:31.460943', ''),
(1953, 12649, 2100, 16, '2021-12-20 05:14:15.289101', ''),
(1954, 6278, 1000, 13, '2021-12-20 05:16:26.609150', ''),
(1955, 67, 1100, 24, '2021-12-20 05:19:50.258593', ''),
(1956, 443, 2350, 24, '2021-12-20 05:22:10.078361', ''),
(1957, 66, 525, 24, '2021-12-20 05:23:49.563725', ''),
(1958, 21415, 1500, 28, '2021-12-20 05:25:24.870850', ''),
(1959, 3865, 1000, 109, '2021-12-20 05:40:26.012509', ''),
(1960, 3943, 600, 109, '2021-12-20 05:40:46.416799', ''),
(1961, 11526, 1000, 20, '2021-12-21 06:05:07.582826', ''),
(1962, 2590, 1000, 102, '2021-12-21 06:05:40.563437', ''),
(1963, 34765, 500, 23, '2021-12-21 06:06:53.614466', ''),
(1964, 4528, 1000, 32, '2021-12-21 06:07:31.720075', ''),
(1965, 371, 890, 21, '2021-12-21 06:17:33.415208', ''),
(1966, 5350, 1169, 61, '2021-12-25 05:11:01.357281', ''),
(1968, 3312, 750, 54, '2021-12-25 05:16:46.823368', ''),
(1969, 490, 1000, 108, '2021-12-25 05:17:35.918172', ''),
(1970, 1120, 1000, 96, '2021-12-25 05:20:40.876234', ''),
(1971, 2301, 500, 48, '2021-12-25 05:21:18.013516', ''),
(1972, 21428, 1500, 28, '2021-12-25 05:21:52.150096', ''),
(1973, 1779, 390, 19, '2021-12-25 05:26:23.650176', ''),
(1974, 586, 500, 94, '2021-12-25 05:27:35.066700', ''),
(1975, 12348, 500, 5, '2021-12-25 05:28:11.028260', ''),
(1976, 1146, 500, 96, '2021-12-25 05:28:51.190144', ''),
(1977, 2161, 500, 63, '2021-12-25 05:29:31.851027', ''),
(1978, 24444, 500, 33, '2021-12-25 05:30:08.961918', ''),
(1979, 29596, 1000, 47, '2021-12-25 05:30:46.026230', ''),
(1980, 9068, 1275, 63, '2021-12-26 05:30:34.568672', ''),
(1981, 21440, 1500, 28, '2021-12-26 05:31:20.530426', ''),
(1982, 242, 3642, 43, '2021-12-26 05:38:09.761286', ''),
(1983, 4233, 1000, 37, '2021-12-26 05:39:54.976877', ''),
(1984, 1022, 1140, 5, '2021-12-26 05:43:30.618119', ''),
(1985, 3505, 2395, 20, '2021-12-26 05:46:26.307051', ''),
(1986, 1656, 1431, 90, '2021-12-26 05:48:31.526455', ''),
(1987, 4618, 15000, 24, '2021-12-26 10:58:54.075550', ''),
(1988, 1020, 500, 102, '2021-12-27 11:04:10.559111', ''),
(1989, 29759, 1000, 47, '2021-12-28 05:29:25.286774', ''),
(1990, 4081, 500, 109, '2021-12-28 05:30:09.203362', ''),
(1991, 7905, 500, 36, '2021-12-28 05:30:42.115155', ''),
(1992, 1153, 1000, 96, '2021-12-28 05:31:09.638762', ''),
(1993, 10240, 800, 73, '2021-12-28 05:32:06.791201', ''),
(1994, 716, 500, 21, '2021-12-28 05:32:37.056863', ''),
(1995, 4706, 500, 32, '2021-12-29 05:48:00.414646', ''),
(1996, 29777, 1000, 47, '2021-12-29 05:48:58.947582', ''),
(1997, 2171, 1000, 90, '2021-12-29 05:49:42.621778', ''),
(1998, 1293, 800, 82, '2021-12-29 05:52:48.051698', ''),
(1999, 21552, 500, 28, '2022-01-01 05:27:02.310779', ''),
(2000, 10827, 520, 45, '2022-01-01 05:30:39.437836', ''),
(2001, 1358, 1000, 15, '2022-01-01 05:44:37.366679', ''),
(2002, 143, 1000, 17, '2022-01-01 05:45:15.783803', ''),
(2003, 24754, 500, 33, '2022-01-01 05:45:54.285391', ''),
(2004, 4929, 330, 98, '2022-01-06 05:32:52.826333', ''),
(2005, 260, 2000, 17, '2022-01-06 05:36:13.270699', ''),
(2006, 3530, 1160, 20, '2022-01-06 05:39:11.180183', ''),
(2007, 11714, 1500, 20, '2022-01-06 05:39:39.775456', ''),
(2008, 4174, 500, 109, '2022-01-06 05:40:21.414226', ''),
(2009, 1732, 1457, 90, '2022-01-06 05:42:36.015733', ''),
(2010, 2195, 500, 90, '2022-01-06 05:42:55.740934', ''),
(2011, 4723, 1000, 32, '2022-01-06 05:43:52.452409', ''),
(2012, 2503, 500, 102, '2022-01-06 05:44:47.603041', ''),
(2013, 2458, 500, 60, '2022-01-06 05:45:48.249417', ''),
(2014, 619, 2500, 94, '2022-01-06 05:48:17.412757', ''),
(2015, 109, 1100, 24, '2022-01-06 05:50:58.090646', ''),
(2016, 14075, 700, 28, '2022-01-06 05:52:47.721777', ''),
(2017, 21464, 2000, 47, '2022-01-08 07:26:57.160722', ''),
(2018, 415, 1275, 21, '2022-01-08 07:30:54.738618', ''),
(2019, 4255, 500, 109, '2022-01-11 05:47:10.242995', ''),
(2020, 2524, 500, 102, '2022-01-11 05:47:36.308148', ''),
(2021, 12088, 500, 25, '2022-01-11 05:48:24.724682', ''),
(2022, 1180, 1000, 96, '2022-01-11 05:48:53.363521', ''),
(2023, 29937, 1000, 47, '2022-01-11 05:49:33.946441', ''),
(2024, 4745, 1000, 32, '2022-01-11 05:50:06.653591', ''),
(2025, 2334, 1000, 48, '2022-01-11 05:50:42.171406', ''),
(2026, 21584, 500, 28, '2022-01-11 05:51:10.332345', ''),
(2027, 1170, 1000, 96, '2022-01-11 05:51:47.028644', ''),
(2028, 6566, 500, 13, '2022-01-11 05:52:09.442688', ''),
(2029, 12582, 500, 5, '2022-01-11 05:53:50.071381', ''),
(2030, 21588, 1000, 28, '2022-01-11 05:54:15.194645', ''),
(2031, 420, 1000, 10, '2022-01-11 05:54:39.543627', ''),
(2032, 5963, 500, 97, '2022-01-11 05:56:01.772398', ''),
(2033, 977, 1000, 75, '2022-01-11 05:58:13.879223', ''),
(2034, 125, 2370, 24, '2022-01-11 06:00:18.822472', ''),
(2035, 9228, 2709, 63, '2022-01-11 06:01:47.680494', ''),
(2036, 1000, 500, 100, '2022-01-11 06:04:24.483234', ''),
(2037, 494, 1000, 10, '2022-01-17 08:58:15.572132', ''),
(2038, 4444, 500, 87, '2022-01-17 08:58:55.806296', ''),
(2039, 663, 500, 94, '2022-01-17 08:59:30.456347', ''),
(2040, 6585, 500, 13, '2022-01-17 09:00:03.145697', ''),
(2041, 12153, 500, 25, '2022-01-17 09:00:34.220928', ''),
(2042, 12665, 500, 5, '2022-01-17 09:01:56.522098', ''),
(2043, 3537, 1000, 57, '2022-01-17 09:02:58.806351', ''),
(2044, 1555, 1483, 90, '2022-01-17 09:05:33.170766', ''),
(2045, 5671, 1000, 37, '2022-01-17 09:06:25.158061', ''),
(2046, 1434, 1000, 100, '2022-01-17 09:07:43.139158', ''),
(2047, 26723, 500, 71, '2022-01-17 09:08:33.149443', ''),
(2048, 30252, 1000, 47, '2022-01-17 09:09:39.012608', ''),
(2049, 13496, 500, 59, '2022-01-17 09:10:26.519031', ''),
(2050, 5860, 1211, 61, '2022-01-17 09:14:22.823210', ''),
(2051, 150, 1440, 24, '2022-01-17 09:19:27.919695', ''),
(2052, 2160, 2182, 108, '2022-01-17 09:21:22.475708', ''),
(2053, 1888, 9991, 47, '2022-01-23 09:52:22.989957', 'returnee '),
(2054, 30253, 1000, 47, '2022-01-23 09:52:54.036343', ''),
(2055, 30079, 500, 47, '2022-01-23 09:53:16.497351', ''),
(2056, 682, 1000, 94, '2022-01-23 10:05:30.624035', ''),
(2057, 6615, 500, 13, '2022-01-23 10:06:00.618036', ''),
(2058, 2348, 500, 48, '2022-01-23 10:06:45.129564', ''),
(2059, 11367, 500, 45, '2022-01-23 10:07:20.531187', ''),
(2060, 1435, 1000, 100, '2022-01-23 10:08:48.637651', ''),
(2061, 616, 500, 108, '2022-01-23 10:09:13.832670', ''),
(2062, 12177, 1000, 25, '2022-01-23 10:10:31.506091', ''),
(2063, 4806, 3000, 87, '2022-01-23 10:19:10.236698', ''),
(2064, 12852, 1350, 16, '2022-01-23 10:21:27.588407', ''),
(2065, 35352, 1000, 23, '2022-01-23 10:22:34.514553', ''),
(2066, 21697, 1000, 28, '2022-01-24 10:02:34.898507', ''),
(2067, 4891, 540, 32, '2022-01-24 10:03:17.374644', ''),
(2068, 12882, 1000, 16, '2022-01-24 10:03:46.866389', ''),
(2069, 4435, 500, 102, '2022-01-24 10:04:20.947773', ''),
(2070, 4382, 500, 109, '2022-01-24 10:04:51.766865', ''),
(2071, 2942, 500, 63, '2022-01-31 08:17:31.076236', ''),
(2072, 4518, 500, 109, '2022-01-31 08:19:16.483159', ''),
(2073, 12925, 1000, 16, '2022-01-31 08:19:59.461156', ''),
(2074, 21923, 1000, 28, '2022-01-31 08:20:29.646786', ''),
(2075, 1720, 500, 96, '2022-01-31 08:20:56.454010', ''),
(2076, 7313, 500, 97, '2022-01-31 08:23:27.149200', ''),
(2077, 573, 500, 15, '2022-01-31 08:24:03.840452', ''),
(2078, 11830, 500, 20, '2022-01-31 08:24:39.286040', ''),
(2079, 1707, 1000, 96, '2022-01-31 08:25:15.754224', ''),
(2080, 5355, 1200, 37, '2022-01-31 08:25:59.496328', ''),
(2081, 3776, 500, 57, '2022-01-31 08:26:50.311714', ''),
(2082, 25108, 500, 33, '2022-01-31 08:27:19.610704', ''),
(2083, 1437, 500, 100, '2022-01-31 08:28:04.465340', ''),
(2084, 6643, 500, 13, '2022-01-31 08:28:50.369251', ''),
(2085, 27015, 500, 71, '2022-01-31 08:29:28.785211', ''),
(2086, 12838, 1000, 8, '2022-01-31 08:30:16.483886', ''),
(2087, 6480, 500, 36, '2022-01-31 08:31:07.065188', ''),
(2088, 12891, 500, 16, '2022-01-31 08:31:34.890188', ''),
(2089, 702, 500, 94, '2022-01-31 08:32:06.685736', ''),
(2090, 21654, 1000, 28, '2022-01-31 08:32:41.766857', ''),
(2091, 2357, 500, 48, '2022-01-31 08:33:10.347894', ''),
(2092, 1980, 1462, 90, '2022-01-31 08:39:37.254054', ''),
(2093, 195, 1490, 24, '2022-01-31 08:41:15.899985', ''),
(2094, 2453, 1457, 94, '2022-01-31 08:43:06.087172', ''),
(2095, 11431, 2240, 45, '2022-01-31 09:28:26.202441', ''),
(2096, 27041, 500, 71, '2022-02-07 05:28:19.760307', ''),
(2097, 12965, 500, 5, '2022-02-07 05:28:53.712228', ''),
(2098, 5147, 500, 32, '2022-02-07 05:29:27.378713', ''),
(2099, 12252, 1000, 25, '2022-02-07 05:33:23.119428', ''),
(2100, 4656, 500, 109, '2022-02-07 05:35:06.141024', ''),
(2101, 22051, 1000, 28, '2022-02-07 05:35:36.589291', ''),
(2102, 247, 1529, 75, '2022-02-07 05:36:52.164112', ''),
(2103, 3627, 1000, 57, '2022-02-07 05:37:51.288524', ''),
(2104, 13028, 1000, 16, '2022-02-07 05:38:50.658998', ''),
(2105, 1873, 500, 88, '2022-02-07 05:39:49.461417', ''),
(2106, 703, 1000, 10, '2022-02-07 05:40:18.046759', ''),
(2107, 309, 1360, 65, '2022-02-07 05:43:09.870259', ''),
(2108, 6863, 500, 13, '2022-02-07 05:54:15.113514', ''),
(2109, 6875, 1053, 13, '2022-02-07 05:54:31.407407', ''),
(2110, 5121, 500, 32, '2022-02-07 05:55:03.149739', ''),
(2111, 2369, 500, 48, '2022-02-07 05:55:54.204687', ''),
(2112, 2971, 500, 63, '2022-02-07 05:56:30.798678', ''),
(2113, 15561, 500, 31, '2022-02-07 05:57:14.788108', ''),
(2114, 725, 1000, 94, '2022-02-07 05:57:45.160076', ''),
(2115, 11655, 500, 45, '2022-02-07 05:58:17.430120', ''),
(2116, 1151, 1000, 75, '2022-02-07 05:58:51.589478', ''),
(2117, 35620, 1000, 23, '2022-02-07 05:59:24.069109', ''),
(2118, 2256, 1053, 13, '2022-02-07 06:06:14.894719', ''),
(2119, 707, 500, 15, '2022-02-07 06:08:02.832184', ''),
(2120, 13023, 1730, 16, '2022-02-07 06:08:56.601148', ''),
(2121, 13008, 1500, 16, '2022-02-07 06:09:22.651772', ''),
(2122, 30712, 1000, 47, '2022-02-08 05:23:28.409997', ''),
(2123, 1739, 1000, 96, '2022-02-08 05:23:55.722182', ''),
(2124, 35863, 1000, 23, '2022-02-08 05:24:35.916260', ''),
(2125, 11927, 1160, 20, '2022-02-08 05:26:35.043965', ''),
(2126, 846, 500, 21, '2022-02-17 05:08:53.478071', ''),
(2127, 2391, 500, 48, '2022-02-17 05:09:46.746912', ''),
(2128, 2781, 500, 102, '2022-02-17 05:12:39.106919', ''),
(2129, 1252, 500, 75, '2022-02-17 05:13:18.377088', ''),
(2130, 22079, 1000, 28, '2022-02-17 05:13:55.904307', ''),
(2131, 2382, 500, 48, '2022-02-17 05:14:35.207480', ''),
(2132, 787, 1000, 10, '2022-02-17 05:15:23.126959', ''),
(2133, 1879, 500, 88, '2022-02-17 05:15:59.433128', ''),
(2134, 12279, 500, 25, '2022-02-17 05:16:55.630755', ''),
(2135, 624, 500, 108, '2022-02-17 05:17:23.802906', ''),
(2136, 6887, 500, 13, '2022-02-17 05:17:55.435138', ''),
(2137, 2101, 1379, 90, '2022-02-17 05:25:19.938713', ''),
(2138, 30749, 1000, 47, '2022-02-17 05:26:10.724285', ''),
(2139, 4682, 500, 109, '2022-02-17 05:26:56.764614', ''),
(2140, 12001, 1000, 20, '2022-02-17 05:34:11.479211', ''),
(2141, 13082, 500, 16, '2022-02-17 05:34:58.869035', ''),
(2142, 758, 1000, 15, '2022-02-17 05:35:51.457383', ''),
(2143, 5273, 500, 32, '2022-02-17 05:36:27.664677', ''),
(2144, 1051, 950, 59, '2022-02-17 05:44:00.608740', ''),
(2145, 12032, 1000, 20, '2022-02-24 05:27:32.225458', ''),
(2146, 770, 500, 94, '2022-02-24 05:27:59.978108', ''),
(2147, 631, 500, 108, '2022-02-24 05:28:25.843620', ''),
(2148, 30492, 1000, 47, '2022-02-24 05:28:57.873736', ''),
(2149, 30492, 1000, 47, '2022-02-24 05:28:58.037275', ''),
(2150, 792, 500, 15, '2022-02-24 05:29:27.988418', ''),
(2151, 5557, 500, 32, '2022-02-24 05:30:08.900072', ''),
(2152, 680, 1000, 17, '2022-02-24 05:30:40.968411', ''),
(2153, 7083, 500, 13, '2022-02-24 05:31:14.373233', ''),
(2154, 542, 1150, 61, '2022-02-24 05:31:56.850496', ''),
(2155, 183, 15000, 51, '2022-02-24 05:32:26.207741', ''),
(2156, 277, 1500, 24, '2022-02-24 05:34:10.648331', ''),
(2157, 2221, 1340, 90, '2022-02-24 05:36:28.509212', ''),
(2158, 5553, 20000, 24, '2022-03-03 09:31:48.200913', ''),
(2159, 7508, 500, 73, '2022-03-03 09:40:03.632192', ''),
(2160, 501, 867, 21, '2022-03-03 09:41:59.034897', ''),
(2161, 31182, 1000, 47, '2022-03-03 09:55:38.294103', ''),
(2162, 12954, 1000, 8, '2022-03-03 09:59:25.686103', ''),
(2163, 5806, 500, 87, '2022-03-03 10:00:00.542059', ''),
(2164, 1382, 500, 21, '2022-03-03 10:00:38.709747', ''),
(2165, 12334, 500, 25, '2022-03-03 10:01:11.114355', ''),
(2166, 2275, 500, 102, '2022-03-03 10:01:45.099723', ''),
(2167, 12076, 500, 45, '2022-03-03 10:02:14.821517', ''),
(2168, 3631, 500, 63, '2022-03-03 10:02:57.349687', ''),
(2169, 14415, 500, 59, '2022-03-03 10:03:52.180842', ''),
(2170, 3271, 830, 57, '2022-03-03 10:04:39.296039', ''),
(2171, 8220, 500, 36, '2022-03-03 10:05:08.741989', ''),
(2172, 27419, 500, 71, '2022-03-03 10:05:45.783029', ''),
(2173, 915, 1000, 10, '2022-03-03 10:06:18.023849', ''),
(2174, 5571, 500, 32, '2022-03-03 10:08:41.143740', ''),
(2175, 12109, 1000, 20, '2022-03-03 10:09:21.257809', ''),
(2176, 16023, 2625, 31, '2022-03-03 10:15:42.929823', ''),
(2177, 1, 500, 31, '2022-03-03 10:16:14.427997', 'CORECTION'),
(2178, 14428, 1000, 59, '2022-03-03 10:16:50.210173', ''),
(2179, 1441, 500, 100, '2022-03-03 10:17:32.302092', ''),
(2180, 2254, 500, 102, '2022-03-03 10:18:22.634075', ''),
(2181, 1, 1120, 57, '2022-03-03 10:24:04.865782', 'CORECTION'),
(2182, 13252, 1000, 8, '2022-03-03 10:27:46.235650', ''),
(2183, 13164, 1000, 16, '2022-03-03 10:28:51.001658', ''),
(2184, 22235, 1000, 28, '2022-03-03 10:29:52.342972', ''),
(2185, 7276, 1000, 97, '2022-03-03 10:30:38.171860', ''),
(2186, 1771, 500, 96, '2022-03-03 10:31:09.686628', ''),
(2187, 36028, 500, 23, '2022-03-03 10:31:48.358357', ''),
(2188, 27349, 500, 71, '2022-03-03 10:33:11.227412', ''),
(2189, 12301, 500, 25, '2022-03-03 10:33:45.236412', ''),
(2190, 3611, 1000, 63, '2022-03-03 10:34:37.281929', ''),
(2191, 12034, 500, 45, '2022-03-03 10:35:10.550735', ''),
(2192, 22208, 1000, 28, '2022-03-03 10:36:00.717419', ''),
(2193, 1015, 1000, 43, '2022-03-03 10:37:02.017399', ''),
(2194, 30933, 1000, 47, '2022-03-03 10:37:44.670715', ''),
(2195, 25480, 500, 33, '2022-03-03 10:38:21.420975', ''),
(2196, 697, 500, 19, '2022-03-03 10:39:00.405814', ''),
(2197, 13376, 1000, 5, '2022-03-03 10:42:26.937822', ''),
(2198, 27448, 500, 71, '2022-03-03 10:49:24.476370', ''),
(2201, 3646, 2000, 63, '2022-03-10 05:04:39.936576', ''),
(2202, 1799, 5000, 96, '2022-03-10 05:05:40.360301', ''),
(2203, 31313, 15000, 47, '2022-03-10 05:08:57.635398', ''),
(2204, 801, 2913, 94, '2022-03-10 05:12:33.308414', ''),
(2205, 800, 1000, 94, '2022-03-10 05:12:49.784501', ''),
(2206, 7475, 500, 13, '2022-03-10 05:14:35.401180', ''),
(2207, 897, 500, 15, '2022-03-10 05:15:07.724277', ''),
(2208, 6111, 500, 32, '2022-03-10 05:15:46.932677', ''),
(2209, 8165, 1000, 36, '2022-03-10 05:16:17.485148', ''),
(2210, 1390, 500, 75, '2022-03-10 05:18:04.823596', ''),
(2211, 13207, 8000, 16, '2022-03-10 05:19:42.584383', ''),
(2212, 6307, 1340, 90, '2022-03-10 05:25:11.362442', ''),
(2213, 6332, 500, 90, '2022-03-10 05:25:37.215559', ''),
(2214, 988, 5000, 10, '2022-03-10 05:28:34.004993', ''),
(2215, 3257, 500, 102, '2022-03-10 05:30:28.008634', ''),
(2216, 4883, 1000, 109, '2022-03-10 05:34:30.983526', ''),
(2217, 2053, 500, 88, '2022-03-10 05:35:22.008702', ''),
(2218, 22410, 5000, 28, '2022-03-10 05:36:30.926853', ''),
(2219, 2260, 1864, 108, '2022-03-10 05:42:05.123465', ''),
(2220, 24439, 2180, 55, '2022-03-10 05:44:09.024977', ''),
(2221, 515, 1275, 21, '2022-03-10 05:46:33.552874', ''),
(2222, 11018, 1000, 92, '2022-03-10 11:18:58.740595', ''),
(2223, 6358, 500, 90, '2022-03-15 06:11:24.766234', ''),
(2224, 31349, 5000, 47, '2022-03-15 06:12:10.564620', ''),
(2225, 12208, 15000, 20, '2022-03-15 06:12:47.858452', ''),
(2226, 920, 20000, 17, '2022-03-15 06:13:44.185313', ''),
(2227, 4974, 500, 109, '2022-03-15 06:15:43.161881', ''),
(2228, 3168, 500, 57, '2022-03-15 06:16:24.233261', ''),
(2229, 12361, 1020, 45, '2022-03-15 06:17:10.110982', ''),
(2230, 12511, 1000, 25, '2022-03-15 06:21:23.517404', ''),
(2231, 938, 500, 15, '2022-03-15 06:22:11.087423', ''),
(2232, 13255, 10000, 16, '2022-03-15 06:23:21.995674', ''),
(2233, 6131, 3000, 32, '2022-03-15 11:22:03.453898', ''),
(2234, 12246, 1160, 20, '2022-03-29 04:50:09.311278', ''),
(2235, 9474, 1000, 8, '2022-03-29 04:52:09.982397', '11.32$'),
(2236, 7254, 500, 13, '2022-03-29 04:52:48.804993', ''),
(2237, 1295, 1000, 85, '2022-03-29 04:53:37.682710', ''),
(2238, 2142, 1000, 96, '2022-03-29 04:54:29.980758', ''),
(2239, 2121, 500, 96, '2022-03-29 04:55:07.842747', ''),
(2240, 640, 500, 108, '2022-03-29 04:56:02.724011', ''),
(2241, 7271, 500, 13, '2022-03-29 04:57:05.931889', ''),
(2242, 3619, 870, 57, '2022-03-29 04:57:53.506541', ''),
(2243, 5093, 500, 109, '2022-03-29 04:58:27.944661', ''),
(2244, 6410, 500, 37, '2022-03-29 05:00:39.485465', ''),
(2245, 5253, 20000, 24, '2022-03-29 05:01:28.022004', ''),
(2246, 2301, 2653, 90, '2022-03-29 05:05:55.505721', ''),
(2247, 389, 1400, 24, '2022-03-29 05:09:28.449968', ''),
(2248, 31917, 500, 47, '2022-04-04 04:50:38.120551', ''),
(2249, 1014, 1000, 15, '2022-04-04 04:51:09.621739', ''),
(2250, 14680, 500, 59, '2022-04-04 04:51:41.284592', ''),
(2251, 9214, 500, 33, '2022-04-04 04:52:14.789868', ''),
(2252, 8398, 500, 36, '2022-04-04 04:54:42.632335', ''),
(2253, 27932, 500, 71, '2022-04-04 04:55:20.419929', ''),
(2254, 50, 500, 102, '2022-04-04 04:56:04.171063', ''),
(2255, 5260, 1000, 87, '2022-04-04 04:56:43.394396', ''),
(2256, 2086, 500, 88, '2022-04-04 04:57:22.154786', ''),
(2257, 787, 400, 21, '2022-04-04 04:58:09.411863', ''),
(2258, 12604, 500, 25, '2022-04-04 04:58:39.964069', ''),
(2259, 7281, 1080, 13, '2022-04-04 05:01:02.490491', ''),
(2260, 7548, 1086, 8, '2022-04-04 05:12:43.931100', '12.24$'),
(2261, 1, 6343, 23, '2022-04-11 12:20:05.569178', 'dr percentage deduction '),
(2262, 5270, 500, 87, '2022-04-13 06:40:57.762216', ''),
(2263, 2169, 500, 96, '2022-04-13 06:41:27.621247', ''),
(2264, 5316, 500, 109, '2022-04-13 06:42:01.083290', ''),
(2265, 12682, 500, 45, '2022-04-13 06:42:40.646910', ''),
(2266, 442, 1817, 26, '2022-04-28 06:37:28.340670', 'Account Cleared '),
(2267, 5304, 33662, 24, '2022-04-28 06:38:31.575955', 'Account Cleared '),
(2268, 1880, 6500, 75, '2022-04-28 07:08:58.993091', ''),
(2269, 463, 21324, 10, '2022-04-28 07:43:01.376348', 'clear'),
(2270, 2804, 8130, 96, '2022-04-28 07:53:12.312539', 'clear'),
(2271, 6307, 914, 84, '2022-04-28 07:54:31.191683', 'clear'),
(2272, 1989, 994, 80, '2022-04-28 07:55:40.972676', 'clear'),
(2273, 1338, 11792, 102, '2022-04-28 07:57:19.879093', 'clear'),
(2274, 12504, 16871, 20, '2022-04-28 08:49:47.081797', 'clear'),
(2275, 15316, 7190, 59, '2022-04-28 08:54:22.851246', 'clear'),
(2276, 12709, 19638, 25, '2022-04-28 09:06:06.302793', 'clear'),
(2277, 4730, 30587, 8, '2022-04-28 10:54:11.181011', 'cleared'),
(2278, 1, 7776, 51, '2022-04-30 07:47:03.319375', 'cleared 14000'),
(2279, 37491, 1207, 23, '2022-04-30 08:52:40.349637', 'cleared \r\n'),
(2280, 975, 4527, 21, '2022-04-30 08:53:52.796787', 'cleared'),
(2281, 9278, 1323, 69, '2022-04-30 08:54:58.174745', 'cleared'),
(2282, 9324, 5272, 33, '2022-04-30 08:55:43.614111', 'cleared'),
(2283, 3920, 12616, 36, '2022-04-30 08:56:36.719018', 'cleared'),
(2284, 1953, 47079, 17, '2022-04-30 08:57:24.946652', 'cleared'),
(2285, 6757, 6780, 37, '2022-04-30 09:46:13.861563', 'cleared'),
(2286, 1, 14236, 5, '2022-04-30 10:15:43.218487', 'cleared'),
(2287, 7819, 6178, 13, '2022-05-07 10:41:30.420661', 'Clear'),
(2288, 948, 13103, 94, '2022-05-07 11:17:16.955577', 'Clear'),
(2289, 13525, 20873, 16, '2022-05-07 11:18:47.268278', 'Clear'),
(2290, 5901, 3448, 87, '2022-05-07 11:19:27.141379', 'Clear'),
(2291, 28199, 2921, 71, '2022-05-07 12:58:31.681045', 'Clear'),
(2292, 1, 18877, 63, '2022-05-08 05:57:47.949314', 'account cleared \r\n'),
(2293, 5465, 3435, 109, '2022-05-08 07:57:37.226495', 'Clear'),
(2294, 1, 950, 47, '2022-05-08 10:57:23.620979', 'FIXIT M RETURNED '),
(2295, 32377, 18027, 47, '2022-05-08 11:02:25.952151', 'cleared '),
(2296, 1, 812, 15, '2022-05-08 11:37:58.938836', ''),
(2297, 1, 3400, 50, '2022-05-08 11:48:08.218090', ''),
(2298, 7919, 0, 54, '2022-05-08 11:49:35.392345', ''),
(2299, 1, 7919, 54, '2022-05-08 11:49:54.130679', ''),
(2300, 1, 1700, 66, '2022-05-08 11:55:06.903835', ''),
(2301, 1, 230, 68, '2022-05-08 11:55:42.989983', ''),
(2302, 1, 2433, 88, '2022-05-08 12:01:40.741728', ''),
(2303, 1, 1332, 90, '2022-05-08 12:02:12.303643', ''),
(2304, 1, 1120, 101, '2022-05-08 12:06:39.926384', ''),
(2305, 1, 1514, 107, '2022-05-08 12:07:43.185949', ''),
(2306, 2412, 11177, 48, '2022-05-09 09:02:15.338538', 'cleared '),
(2307, 284, 12463, 14, '2022-05-09 09:03:59.014733', 'cleared '),
(2308, 2461, 7832, 86, '2022-05-09 11:05:14.775042', 'Clear'),
(2309, 1, 3020, 19, '2022-05-09 11:07:03.309239', 'corection'),
(2310, 1552, 60504, 43, '2022-05-11 07:58:45.864513', 'cleared '),
(2311, 813, 5000, 77, '2022-05-11 11:53:51.362638', ''),
(2312, 2047, 5657, 108, '2022-05-11 11:54:45.376853', '');

-- --------------------------------------------------------

--
-- Table structure for table `invoices`
--

CREATE TABLE `invoices` (
  `invoice_id` int(255) NOT NULL,
  `invoice_no` int(255) NOT NULL,
  `invoice_date` date NOT NULL,
  `invoice_amount` int(255) NOT NULL,
  `company_id` int(50) NOT NULL,
  `detail` mediumtext NOT NULL,
  `created_at` datetime(6) NOT NULL DEFAULT current_timestamp(6),
  `user_id` int(255) NOT NULL
) ENGINE=InnoDB DEFAULT CHARSET=utf8mb4;

--
-- Dumping data for table `invoices`
--

INSERT INTO `invoices` (`invoice_id`, `invoice_no`, `invoice_date`, `invoice_amount`, `company_id`, `detail`, `created_at`, `user_id`) VALUES
(11, 1, '2020-12-03', 16054, 5, '', '2020-12-03 10:44:55.252222', 16),
(12, 1181, '2020-12-02', 4900, 6, '', '2020-12-03 10:51:14.879347', 16),
(13, 1, '2020-12-03', 14370, 7, '', '2020-12-03 10:58:31.115977', 16),
(14, 6836, '2020-12-05', 27104, 8, 'with this invoice number Alpha billed 90$ - the previous Balence was 226$ the conversion rate of dollor 77/1 afghani ', '2020-12-05 10:53:25.595804', 16),
(15, 100, '2020-12-03', 2700, 9, '', '2020-12-05 11:38:03.640835', 16),
(16, 14628, '2020-12-05', 24264, 10, 'this invoice billed 5600, with a previous balance of 19664 afs ', '2020-12-05 14:01:39.959021', 16),
(17, 12963, '2020-12-05', 19400, 11, '', '2020-12-05 14:43:06.510542', 16),
(18, 10336, '2020-12-05', 17000, 12, 'this invoice was billed 8500 - previous balance 8500 - total 17,000 ', '2020-12-05 15:09:48.760655', 16),
(19, 375, '2020-12-05', 26380, 13, 'this invoice billed 2445 - Previous Balance 23936 - total remaining 26380 afs ', '2020-12-05 15:32:06.117703', 16),
(20, 19973, '2020-12-03', 13464, 14, 'this invoice billed 2181 - previous balance 11283 - total 13464', '2020-12-05 15:52:24.529696', 16),
(21, 20017, '2020-12-05', 16790, 15, 'this invoice was billed 3819 - previous balance 12971 - total 16790', '2020-12-05 16:07:35.748778', 16),
(22, 2043, '2020-12-05', 2100, 16, 'Rosuless F 10/160 Tab 20 Packs ', '2020-12-06 13:09:09.717216', 16),
(23, 122, '2020-12-06', 107641, 17, 'this invoice was billed 3500 - Previous Balance 104141 - total 107641', '2020-12-06 14:28:45.005916', 16),
(24, 10778, '2020-12-07', 10778, 18, '', '2020-12-07 13:19:11.379495', 16),
(25, 124, '2020-12-07', 3500, 17, 'This invoice was paid in cash ', '2020-12-07 13:21:06.884335', 16),
(26, 1, '2020-12-07', 15240, 19, 'Remaining Balance ', '2020-12-07 15:17:43.688188', 16),
(27, 1674, '2020-11-30', 18926, 20, 'this invoice was billed 3720 - previous balanece 15206 - total 18926', '2020-12-07 15:41:39.597851', 16),
(29, 7922, '2020-12-07', 22831, 22, 'this invoice was billed 6200 - previous Balance 16631 - total 22831', '2020-12-07 15:54:56.317724', 16),
(30, 16526, '2020-12-07', 16526, 23, 'Previous Balance ', '2020-12-07 16:31:54.048956', 16),
(31, 1252, '2020-11-30', 50454, 24, 'this invoice was billed 5710 - previous balance 44744 - total 49954', '2020-12-07 16:56:39.928097', 16),
(32, 1283, '2020-12-07', 4350, 24, '', '2020-12-07 16:57:25.723175', 16),
(33, 5981, '2020-12-02', 1600, 25, 'Drop Multi Men ', '2020-12-08 11:03:18.725290', 16),
(34, 1, '2020-12-08', 35863, 25, 'Old Remaining Balance ', '2020-12-08 11:06:00.170788', 16),
(35, 14731, '2020-12-09', 5600, 10, '', '2020-12-09 14:08:56.047395', 16),
(36, 16199, '2020-12-08', 3996, 26, '', '2020-12-09 14:28:48.249304', 16),
(37, 1, '2020-12-09', 8995, 26, 'Previous Balance ', '2020-12-09 14:29:18.609615', 16),
(38, 2118, '2020-12-09', 2851, 16, '', '2020-12-09 14:33:18.664191', 16),
(39, 5997, '2020-12-09', 3320, 25, '', '2020-12-09 15:03:03.351832', 16),
(40, 386, '2020-12-09', 1137, 13, '', '2020-12-09 15:34:20.204841', 16),
(41, 3268, '2020-12-09', 12936, 21, 'this invoice billed 2550 - previous balance 10386 - total 12936', '2020-12-10 11:46:54.032620', 16),
(42, 1, '2020-12-10', 9323, 29, 'Remaining Balance ', '2020-12-10 13:50:17.329321', 16),
(43, 1, '2020-12-10', 22125, 31, 'Remaining Balance ', '2020-12-10 14:04:58.156287', 16),
(44, 1, '2020-12-10', 2500, 32, '', '2020-12-10 14:07:16.163610', 16),
(46, 1, '2020-12-10', 36382, 34, '', '2020-12-10 14:14:37.560224', 16),
(47, 1, '2020-12-10', 11100, 35, 'Old Balance ', '2020-12-10 14:27:44.746486', 16),
(48, 1, '2020-12-10', 26470, 37, '', '2020-12-10 15:01:50.029415', 16),
(49, 1, '2020-12-10', 10610, 38, 'Previous Balance ', '2020-12-10 15:13:37.414112', 16),
(51, 6298, '2020-12-10', 26780, 40, '', '2020-12-10 15:32:47.356065', 16),
(52, 1, '2020-12-10', 10265, 41, '', '2020-12-10 15:56:54.158841', 16),
(53, 1, '2020-12-10', 2473, 42, 'Old Balance ', '2020-12-10 16:00:24.499093', 16),
(54, 1, '2020-12-12', 42267, 16, '', '2020-12-12 11:27:39.930241', 16),
(55, 1733, '2020-12-12', 5800, 20, '', '2020-12-12 13:13:58.932642', 16),
(56, 1, '2020-12-12', 81196, 43, 'Previous Balance ', '2020-12-12 13:16:47.169239', 16),
(58, 21433, '2020-12-12', 16490, 33, 'Previous Balance + 1343 this invoice ', '2020-12-12 13:35:48.625761', 16),
(60, 2717, '2020-12-12', 5490, 34, '', '2020-12-12 13:57:28.147837', 16),
(61, 1056, '2020-12-12', 800, 25, '', '2020-12-12 14:49:24.734583', 16),
(62, 6454, '2020-12-12', 14550, 45, 'this invoice billed 2400 - previous Balance 12150', '2020-12-12 16:00:02.787508', 16),
(63, 398, '2020-12-12', 955, 13, '', '2020-12-12 16:15:55.957645', 16),
(64, 145, '2020-12-13', 3500, 17, '', '2020-12-13 13:14:12.655293', 16),
(66, 11307, '2020-12-13', 1400, 28, '', '2020-12-13 16:41:48.658101', 16),
(67, 411, '2020-12-13', 2274, 13, '', '2020-12-14 15:34:52.302490', 16),
(68, 16283, '2020-12-14', 98600, 47, 'this invoice billed 1410 - previous Balance 97190 - ', '2020-12-14 16:23:34.788379', 16),
(69, 21491, '2020-12-15', 733, 33, '', '2020-12-15 14:26:30.275386', 16),
(70, 151, '2020-12-15', 3500, 17, '', '2020-12-15 15:17:34.257591', 16),
(71, 18733, '2020-12-15', 3600, 23, '', '2020-12-15 15:28:07.163009', 16),
(72, 8041, '2020-12-16', 2980, 22, '', '2020-12-16 15:44:43.665622', 16),
(73, 1, '2020-12-17', 7905, 48, 'previous Balance ', '2020-12-17 13:29:00.797586', 16),
(74, 1, '2020-12-17', 17396, 49, 'Previous Balance ', '2020-12-17 13:35:28.382640', 16),
(75, 4000, '2020-12-17', 3500, 50, 'Old Balance ', '2020-12-17 14:55:06.198988', 16),
(76, 16382, '2020-12-21', 1850, 47, '', '2020-12-22 15:01:28.200530', 16),
(77, 1736, '2020-12-15', 2100, 32, '', '2020-12-22 15:03:32.381120', 16),
(78, 1761, '2020-12-20', 3360, 32, '', '2020-12-22 15:04:14.395334', 16),
(79, 6066, '2020-12-21', 1660, 25, '', '2020-12-22 15:05:14.943426', 16),
(80, 1026, '2020-12-21', 800, 50, '', '2020-12-22 15:05:56.864503', 16),
(81, 1962, '2020-12-22', 8500, 12, '', '2020-12-22 15:49:08.256207', 16),
(82, 11369, '2020-12-22', 2800, 28, '', '2020-12-22 15:55:15.979404', 16),
(83, 1, '2020-12-22', 18100, 28, 'Previous Balance according to the invoice number 11369', '2020-12-22 15:57:20.764179', 16),
(84, 11050, '2020-12-22', 462, 8, '', '2020-12-22 16:49:07.596023', 16),
(85, 946, '2020-12-14', 3018, 37, 'Uresol Plus Cap ', '2020-12-23 15:31:23.389584', 16),
(86, 20620, '2020-12-22', 2181, 14, 'necozine Suspension ', '2020-12-23 15:38:07.054578', 16),
(87, 20659, '2020-12-23', 1517, 14, '', '2020-12-23 15:42:38.462669', 16),
(88, 16416, '2020-12-23', 3070, 47, '', '2020-12-23 15:44:17.623684', 16),
(89, 2761, '2020-12-22', 3294, 34, '', '2020-12-23 15:50:32.369169', 16),
(90, 12755, '2020-12-19', 4294, 29, '', '2020-12-23 15:51:50.254897', 16),
(91, 4217, '2020-12-22', 1820, 49, '', '2020-12-23 15:54:49.426716', 16),
(93, 14958, '2020-12-24', 8400, 10, '', '2020-12-24 14:08:08.429208', 16),
(94, 41, '2020-12-24', 3750, 24, '', '2020-12-24 16:00:48.404639', 16),
(95, 173, '2020-12-24', 1750, 17, '', '2020-12-24 16:23:17.885310', 16),
(96, 8640, '2020-12-19', 2610, 53, '', '2020-12-24 16:45:41.909886', 16),
(98, 16344, '2020-12-26', 2856, 55, '', '2020-12-26 11:16:23.400221', 16),
(99, 175, '2020-12-26', 3170, 17, '', '2020-12-26 13:15:36.912172', 16),
(100, 1347, '2020-12-24', 1564, 36, 'based on slip ', '2020-12-26 14:51:18.554713', 16),
(101, 6086, '2020-12-24', 4180, 25, '', '2020-12-26 14:57:27.716931', 16),
(102, 7429, '2020-12-23', 4186, 42, '', '2020-12-26 15:04:22.360861', 16),
(103, 1308, '2020-12-19', 1800, 24, '', '2020-12-29 12:10:03.477163', 16),
(104, 750, '2020-12-22', 1920, 58, '', '2020-12-29 12:14:34.729481', 16),
(105, 21670, '2020-12-27', 1343, 33, '', '2020-12-29 12:21:07.083353', 16),
(106, 20744, '2020-12-27', 906, 14, '', '2020-12-29 12:21:57.027392', 16),
(107, 6550, '2020-12-28', 5900, 59, 'old balance 5100 new one 800 ', '2020-12-29 12:29:32.590966', 16),
(108, 997, '2020-12-28', 6745, 37, '', '2020-12-29 12:32:18.392338', 16),
(109, 8120, '2020-12-27', 4960, 22, '', '2020-12-29 12:42:55.756289', 16),
(110, 179, '2020-12-27', 3500, 17, '', '2020-12-29 12:44:20.893350', 16),
(111, 1839, '2020-12-28', 3590, 20, '', '2020-12-29 12:46:30.891056', 16),
(112, 1, '2020-12-29', 19216, 60, 'Old balance ', '2020-12-29 13:17:58.064684', 16),
(114, 16511, '2020-12-26', 1658, 55, '', '2020-12-29 13:21:11.929798', 16),
(115, 11430, '2020-12-29', 1600, 28, '', '2020-12-29 14:16:41.754257', 16),
(116, 11173, '2020-12-29', 8576, 8, 'this invoice was billed 111.38 $ conversion rate 77afs 8576.26', '2020-12-30 09:52:48.326924', 16),
(117, 1003, '2020-12-29', 3018, 37, '', '2020-12-30 09:54:45.861310', 16),
(118, 2469, '2020-12-29', 3660, 16, '', '2020-12-30 13:13:48.186496', 0),
(119, 8954, '2020-12-27', 2682, 53, '', '2020-12-30 15:26:50.855293', 16),
(120, 7543, '2020-12-29', 1840, 42, '', '2020-12-30 15:28:47.341910', 16),
(121, 16689, '2021-01-03', 6500, 26, '', '2021-01-04 15:58:35.981240', 16),
(122, 16721, '2021-01-04', 4145, 55, '', '2021-01-04 16:30:33.364444', 16),
(123, 1886, '2021-01-04', 2900, 20, '', '2021-01-04 16:37:39.877268', 16),
(124, 1098, '2021-01-04', 1030, 36, '', '2021-01-04 16:38:56.917223', 16),
(125, 11493, '2021-01-04', 1200, 28, '', '2021-01-04 16:40:01.429354', 16),
(126, 20930, '2020-12-31', 5728, 15, '', '2021-01-04 16:42:27.529253', 16),
(127, 8171, '2021-01-04', 3600, 35, '', '2021-01-04 16:44:02.933623', 16),
(128, 19150, '2021-01-02', 5100, 23, '', '2021-01-04 16:45:34.585110', 16),
(129, 193, '2021-01-02', 7000, 17, '', '2021-01-04 16:46:22.280612', 16),
(130, 5529, '2020-12-30', 1498, 5, '', '2021-01-04 16:48:11.427616', 16),
(131, 21726, '2020-12-30', 1591, 33, '', '2021-01-04 16:49:36.194927', 16),
(132, 21009, '2021-01-03', 2181, 14, '', '2021-01-04 16:50:24.693528', 16),
(133, 21010, '2021-01-03', 1819, 14, '', '2021-01-04 16:52:47.220561', 16),
(134, 517, '2020-12-30', 5674, 13, '', '2021-01-04 16:56:42.131143', 16),
(135, 1389, '2020-12-30', 1200, 6, '', '2021-01-04 16:58:00.899284', 16),
(136, 2810, '2020-12-30', 3294, 34, '', '2021-01-04 16:59:17.293205', 16),
(137, 1, '2021-01-04', 5416, 52, '', '2021-01-04 17:07:20.168223', 16),
(138, 11457, '2021-01-02', 1475, 28, '', '2021-01-04 17:18:44.521465', 16),
(139, 1, '2021-01-04', 3326, 61, '', '2021-01-04 17:24:08.111688', 16),
(140, 110, '2021-01-06', 800, 59, '', '2021-01-06 14:29:33.783635', 16),
(141, 1027, '2021-01-05', 3094, 37, '', '2021-01-06 14:31:08.740535', 16),
(142, 1367, '2021-01-07', 8840, 24, '', '2021-01-07 13:55:44.215260', 16),
(143, 21140, '2021-01-06', 907, 14, '', '2021-01-07 14:02:09.526307', 16),
(144, 21010, '2021-01-06', 1819, 14, '', '2021-01-07 14:03:39.544964', 16),
(145, 1465, '2021-01-06', 3750, 24, '', '2021-01-07 14:05:16.058973', 16),
(146, 1335, '2020-12-31', 4000, 24, '', '2021-01-07 14:08:02.375501', 16),
(147, 218, '2021-01-06', 4210, 17, '', '2021-01-07 14:08:47.734184', 16),
(148, 11539, '2021-01-06', 1200, 28, '', '2021-01-07 14:14:26.841828', 16),
(149, 2569, '2021-01-05', 2680, 16, '', '2021-01-07 14:15:57.608933', 16),
(150, 11507, '2021-01-05', 600, 28, '', '2021-01-07 14:16:40.782594', 16),
(151, 9292, '2021-01-07', 2610, 53, '', '2021-01-10 13:01:28.524066', 16),
(152, 16657, '2021-01-09', 2660, 47, 'paid cash ', '2021-01-10 13:09:31.595258', 16),
(153, 6845, '2021-01-09', 2400, 45, '', '2021-01-10 13:11:11.742792', 16),
(154, 228, '2021-01-10', 6670, 17, '', '2021-01-11 09:55:43.970428', 16),
(155, 11, '2021-01-10', 500, 35, '', '2021-01-11 09:57:32.718745', 16),
(156, 2654, '2021-01-10', 4075, 16, '', '2021-01-11 09:58:26.446437', 16),
(157, 11570, '2021-01-10', 2400, 28, '', '2021-01-11 09:59:17.440478', 16),
(158, 1388, '2021-01-11', 1800, 24, '', '2021-01-12 13:52:04.317746', 16),
(159, 1864, '2021-01-10', 3360, 32, '', '2021-01-12 14:02:04.954302', 16),
(160, 1376, '2021-01-11', 3000, 51, '', '2021-01-13 12:47:51.973374', 16),
(161, 11591, '2021-01-12', 2800, 28, '', '2021-01-13 12:49:08.116571', 16),
(162, 9457, '2021-01-13', 2610, 53, '', '2021-01-13 16:51:34.803881', 16),
(163, 88, '2021-01-17', 6200, 22, '', '2021-01-18 11:26:14.491455', 16),
(164, 4478, '2021-01-17', 2630, 63, '', '2021-01-18 11:29:37.453017', 16),
(165, 15258, '2021-01-17', 5600, 10, '', '2021-01-18 11:32:07.025214', 16),
(166, 21494, '2021-01-17', 907, 14, '', '2021-01-18 13:39:58.656103', 16),
(167, 253, '2021-01-19', 7000, 17, '', '2021-01-19 10:25:05.879416', 16),
(168, 9611, '2021-01-17', 3910, 53, '', '2021-01-19 10:26:01.331335', 16),
(169, 22063, '2021-01-18', 3795, 33, '', '2021-01-19 10:26:55.476773', 16),
(170, 1763, '2021-01-14', 1500, 45, '', '2021-01-19 10:34:58.501833', 16),
(171, 10371, '2021-01-16', 10371, 26, 'this invoice was resived without order will be paid on sale ', '2021-01-19 10:51:41.023620', 16),
(172, 37, '2021-01-06', 2400, 28, '', '2021-01-19 10:53:08.519919', 16),
(173, 1079, '2021-01-16', 1547, 37, '', '2021-01-19 10:54:02.782863', 16),
(174, 311, '2021-01-20', 1320, 54, '', '2021-01-21 11:16:45.454977', 16),
(175, 272, '2021-01-21', 8221, 17, '', '2021-01-21 16:36:10.507473', 16),
(176, 1951, '2021-01-20', 1598, 41, '', '2021-01-23 13:08:00.468015', 16),
(177, 17132, '2021-01-23', 4144, 55, '', '2021-01-23 16:36:53.240335', 16),
(178, 632, '2021-01-23', 955, 13, '', '2021-01-23 16:37:47.792672', 16),
(179, 1978, '2021-01-23', 8040, 20, '', '2021-01-23 16:40:53.009747', 16),
(180, 11690, '2021-01-21', 5000, 28, '', '2021-01-23 16:41:47.390444', 16),
(181, 311, '2021-01-20', 1320, 54, '', '2021-01-23 16:46:35.227528', 16),
(182, 620, '2021-01-20', 1137, 13, '', '2021-01-23 16:47:43.873355', 16),
(183, 1260, '2021-01-20', 2060, 36, '', '2021-01-23 16:50:16.625133', 16),
(184, 1, '2021-01-23', 2000, 61, 'Based on Ladegure ', '2021-01-23 16:52:53.942374', 16),
(187, 1904, '2021-01-19', 5460, 32, '', '2021-01-23 17:03:48.793734', 16),
(188, 1125, '2021-01-25', 3094, 37, '', '2021-01-25 15:06:02.295762', 16),
(189, 21746, '2021-01-25', 4363, 14, '', '2021-01-25 15:08:20.323422', 16),
(190, 21745, '2021-01-25', 2208, 14, '', '2021-01-25 15:08:47.647687', 16),
(191, 1657, '2021-01-25', 1850, 47, '', '2021-01-25 15:09:58.772574', 16),
(193, 12922, '2021-01-23', 1505, 29, '', '2021-01-25 15:13:09.855513', 16),
(194, 2938, '2021-01-24', 2196, 34, '', '2021-01-25 15:14:31.485372', 16),
(195, 11718, '2021-01-24', 3600, 28, '', '2021-01-25 15:15:11.596992', 16),
(196, 2884, '2021-01-24', 5560, 16, '', '2021-01-25 15:15:56.815393', 16),
(197, 15385, '2021-01-24', 5600, 10, '', '2021-01-25 15:17:05.894705', 16),
(198, 15744, '2021-01-24', 2605, 11, '', '2021-01-25 15:18:56.428657', 16),
(199, 6218, '2021-01-25', 2230, 25, '', '2021-01-25 15:35:29.810984', 16),
(200, 9246, '2021-01-25', 3050, 64, '', '2021-01-25 15:41:07.842810', 16),
(201, 21393, '2021-01-13', 4363, 14, '', '2021-01-25 15:42:39.928135', 16),
(202, 21348, '2021-01-12', 1511, 14, '', '2021-01-25 15:43:46.152383', 16),
(203, 1657, '2021-01-13', 1480, 47, '', '2021-01-25 15:45:38.401649', 16),
(204, 1043, '2021-01-13', 1600, 50, '', '2021-01-25 15:46:28.340100', 16),
(205, 1108, '2021-01-14', 1400, 65, '', '2021-01-25 16:01:54.250459', 16),
(206, 1108, '2021-01-14', 1400, 65, '', '2021-01-25 16:05:14.543801', 16),
(207, 2141, '2021-01-18', 2141, 21, '', '2021-01-25 16:10:21.237310', 16),
(208, 1110, '2021-01-25', 2850, 65, '', '2021-01-25 16:11:22.328846', 16),
(209, 9328, '2021-01-22', 1600, 64, '', '2021-01-25 16:21:00.382728', 16),
(210, 453, '2021-01-26', 9625, 8, '', '2021-01-27 10:04:27.401852', 16),
(211, 172, '2021-01-26', 4400, 66, '', '2021-01-27 10:17:47.181051', 16),
(212, 1973, '2021-01-26', 1600, 41, '', '2021-01-27 10:19:40.400153', 16),
(213, 1, '2021-01-27', 54, 61, 'Correction ', '2021-01-27 15:32:21.115364', 16),
(214, 299, '2021-01-27', 5250, 17, '', '2021-01-27 15:36:11.985381', 16),
(215, 22196, '2021-01-27', 1591, 33, '', '2021-01-27 15:37:55.690075', 16),
(216, 3681, '2021-01-28', 1275, 21, '', '2021-01-28 16:45:22.288603', 16),
(217, 1134, '2021-01-28', 3308, 37, '', '2021-01-31 10:09:04.818799', 16),
(218, 9514, '2021-01-30', 1600, 64, '', '2021-01-31 10:19:24.439747', 16),
(219, 6428, '2021-01-30', 3950, 25, '', '2021-01-31 10:20:20.586357', 16),
(220, 1707, '2021-01-28', 709, 68, 'BioGest Caps, Confem-D Tabs, Fekit Tablets ', '2021-01-31 10:27:00.267981', 16),
(221, 1977, '2021-01-31', 2100, 32, '', '2021-01-31 14:32:31.864033', 16),
(222, 21927, '2021-02-01', 907, 14, '', '2021-02-01 13:37:52.725719', 16),
(223, 5023, '2021-01-31', 2020, 43, '', '2021-02-01 13:39:57.653548', 16),
(224, 312, '2021-01-31', 3500, 17, '', '2021-02-01 13:41:06.149843', 16),
(225, 1, '2021-02-01', 33090, 51, 'correction', '2021-02-01 16:10:57.724564', 16),
(226, 2, '2021-02-01', 2000, 51, 'correction', '2021-02-01 16:11:23.748017', 16),
(227, 21, '2021-02-02', 1000, 35, '', '2021-02-02 15:36:08.556070', 16),
(228, 1725, '2021-02-02', 4675, 68, '', '2021-02-02 15:38:11.337898', 16),
(229, 1434, '2021-01-31', 3760, 24, '', '2021-02-02 15:39:34.434426', 16),
(230, 786, '2021-02-02', 690, 65, '', '2021-02-02 15:40:20.010568', 16),
(231, 16975, '2021-02-02', 9750, 47, '1+2 Essomprazole ', '2021-02-02 15:44:41.901276', 16),
(232, 683, '2021-01-31', 1137, 13, '', '2021-02-02 15:46:48.724880', 16),
(233, 1657, '2021-02-01', 1410, 47, '', '2021-02-02 15:49:09.070906', 16),
(234, 1152, '2021-02-02', 14697, 37, '5%', '2021-02-02 15:50:35.724414', 16),
(235, 312, '2021-02-02', 3500, 17, '', '2021-02-02 15:51:48.377463', 16),
(236, 1148, '2021-01-31', 3094, 37, '', '2021-02-02 15:53:18.814023', 16),
(237, 15781, '2021-01-30', 1050, 11, '', '2021-02-02 15:54:48.298197', 16),
(238, 346, '2021-02-03', 2142, 54, '', '2021-02-03 16:06:39.505094', 16),
(239, 3062, '2021-02-03', 3150, 16, '', '2021-02-03 16:09:04.970473', 16),
(240, 1157, '2021-02-02', 1547, 37, '', '2021-02-03 16:12:59.016049', 16),
(241, 22232, '2021-01-31', 2218, 33, '', '2021-02-03 16:15:39.522243', 16),
(242, 355, '2021-02-13', 8420, 17, '', '2021-02-13 16:51:19.953925', 16),
(243, 2114, '2021-02-13', 2390, 20, '', '2021-02-13 16:51:59.082010', 16),
(245, 22121, '2021-02-07', 1511, 14, '', '2021-02-13 16:54:05.150904', 16),
(246, 2695, '2021-02-15', 2695, 8, '', '2021-02-16 13:23:57.435293', 16),
(247, 17344, '2021-02-16', 1510, 47, '', '2021-02-16 13:38:47.358338', 16),
(248, 10463, '2021-02-16', 982, 53, '', '2021-02-16 13:43:06.131705', 16),
(249, 6420, '2021-02-11', 1194, 8, '', '2021-02-16 13:50:33.916184', 16),
(250, 22324, '2021-02-06', 1343, 33, '', '2021-02-16 13:51:38.392127', 16),
(251, 967, '2021-02-06', 16853, 69, 'this inovoice was billed 1429 orld pabalance 15424 afghani ', '2021-02-16 13:56:19.290638', 16),
(252, 11831, '2021-02-06', 3400, 28, '', '2021-02-16 14:14:21.394061', 16),
(253, 693, '2021-02-04', 1120, 38, '', '2021-02-16 14:16:14.161456', 16),
(254, 6323, '2021-02-16', 2530, 25, '', '2021-02-16 14:17:01.740788', 16),
(255, 15676, '2021-02-15', 8400, 10, '', '2021-02-16 14:18:38.132087', 16),
(257, 3825, '2021-02-14', 1275, 21, '', '2021-02-16 14:22:23.883969', 16),
(258, 15781, '2021-01-31', 1050, 11, '', '2021-02-16 14:38:59.807615', 16),
(259, 1649, '2021-02-04', 1200, 6, '', '2021-02-16 14:43:36.157038', 16),
(260, 2131, '2021-02-16', 865, 20, '', '2021-02-16 14:44:21.470182', 16),
(261, 122, '2021-02-02', 1640, 70, '', '2021-02-16 14:49:24.381616', 16),
(262, 7208, '2021-02-04', 2200, 45, '', '2021-02-16 15:34:24.279654', 16),
(263, 756, '2021-02-16', 2509, 13, '', '2021-02-16 15:49:51.963453', 16),
(264, 3315, '2021-02-17', 3800, 16, '', '2021-02-17 15:10:23.314910', 16),
(265, 22477, '2021-02-17', 2564, 69, '', '2021-02-17 15:12:21.525448', 16),
(266, 16651, '2021-02-17', 1121, 71, '', '2021-02-17 15:15:50.136616', 16),
(267, 1491, '2021-02-17', 5950, 24, '', '2021-02-17 15:16:52.568845', 16),
(268, 88, '2021-02-17', 3100, 22, '', '2021-02-17 15:19:26.000707', 16),
(270, 1487, '2021-02-15', 895, 24, '', '2021-02-17 15:21:18.899271', 16),
(271, 6459, '2021-02-21', 3235, 25, '', '2021-02-21 14:37:33.228926', 16),
(272, 11997, '2021-02-21', 3400, 28, '', '2021-02-21 14:38:15.821591', 16),
(273, 373, '2021-02-21', 4920, 17, '', '2021-02-21 14:41:54.556774', 16),
(275, 2103, '2021-02-21', 2100, 32, '', '2021-02-21 14:59:58.064965', 16),
(276, 7, '2021-02-22', 2700, 72, '', '2021-02-23 09:46:25.405937', 16),
(277, 1750, '2021-02-21', 1200, 6, '', '2021-02-23 09:50:48.612254', 16),
(278, 0, '2021-02-23', 5040, 32, 'correction ', '2021-02-23 09:56:36.340159', 16),
(279, 22463, '2021-02-17', 4363, 14, '', '2021-02-23 10:01:32.011957', 16),
(280, 22596, '2021-02-21', 907, 14, '', '2021-02-23 10:02:20.712031', 16),
(281, 22464, '2021-02-17', 1061, 14, '', '2021-02-23 10:03:55.966896', 16),
(282, 2100, '2021-02-15', 1600, 41, '', '2021-02-23 16:18:20.185573', 16),
(283, 2156, '2021-02-23', 2397, 41, '', '2021-02-23 16:18:53.582726', 16),
(284, 2117, '2021-02-23', 1680, 32, '', '2021-02-23 16:19:39.854870', 16),
(285, 1763, '2021-02-14', 1500, 74, '', '2021-02-27 10:43:51.899618', 16),
(286, 22372, '2021-02-15', 3246, 15, '', '2021-02-27 10:51:47.469520', 16),
(287, 402, '2021-02-27', 7710, 17, '', '2021-02-28 10:18:07.895637', 16),
(288, 1220, '2021-02-27', 5900, 71, '', '2021-02-28 10:20:19.975158', 16),
(289, 12034, '2021-02-27', 2400, 28, '', '2021-02-28 10:21:44.454890', 16),
(290, 22619, '2021-02-27', 703, 69, '', '2021-02-28 10:24:16.503029', 16),
(291, 3462, '2021-02-25', 1560, 16, '', '2021-02-28 10:25:00.805812', 16),
(292, 13622, '2021-02-24', 1600, 50, '', '2021-02-28 10:26:37.371567', 16),
(293, 22585, '2021-02-25', 1109, 33, '', '2021-02-28 10:29:59.643566', 16),
(294, 263, '2021-02-22', 5198, 51, '', '2021-02-28 10:40:43.125117', 16),
(295, 165, '2021-02-22', 1689, 70, '', '2021-02-28 10:43:45.794173', 16),
(296, 1521, '2021-02-23', 2060, 36, '', '2021-02-28 10:45:58.819470', 16),
(297, 1506, '2021-02-23', 2200, 24, '', '2021-02-28 10:47:39.437813', 16),
(298, 2157, '2021-02-24', 3000, 74, '', '2021-02-28 10:54:16.359039', 16),
(299, 10767, '2021-02-24', 982, 53, '', '2021-02-28 10:57:37.450465', 16),
(300, 5402, '2021-02-24', 2828, 43, 'For Rithmo Said Ebad 0780577552', '2021-02-28 10:59:57.651147', 16),
(301, 3538, '2021-03-01', 2100, 16, '', '2021-03-01 17:05:19.192193', 16),
(302, 13110, '2021-03-01', 2035, 29, '', '2021-03-01 17:09:25.516651', 16),
(303, 5892, '2021-03-01', 880, 5, '', '2021-03-01 17:11:15.889397', 16),
(304, 783, '2021-02-20', 2240, 38, '', '2021-03-01 17:15:55.463665', 16),
(305, 1523, '2021-02-28', 1800, 24, '', '2021-03-03 10:57:12.741617', 16),
(306, 2147, '2021-03-01', 2100, 32, '', '2021-03-03 13:02:08.474693', 16),
(307, 22798, '2021-02-28', 2786, 14, '', '2021-03-03 13:03:02.999411', 16),
(308, 1512, '2021-02-25', 2200, 24, '', '2021-03-03 13:19:06.908207', 16),
(309, 1519, '2021-02-28', 3300, 24, '', '2021-03-03 13:41:14.928929', 16),
(310, 2207, '2021-02-28', 6110, 20, '', '2021-03-03 13:42:15.775242', 16),
(311, 52, '2021-03-07', 3039, 75, '', '2021-03-07 12:11:28.412904', 16),
(312, 3992, '2021-03-06', 2550, 21, '', '2021-03-07 12:14:30.525664', 16),
(313, 12119, '2021-03-06', 1600, 28, '', '2021-03-07 12:15:21.333552', 16),
(314, 436, '2021-03-06', 4045, 17, '', '2021-03-07 12:17:57.125107', 16),
(315, 1245, '2021-03-03', 1178, 37, '', '2021-03-07 12:52:00.945034', 16),
(316, 22935, '2021-03-04', 1324, 14, '', '2021-03-07 13:01:00.913446', 16),
(317, 1530, '2021-03-02', 350, 24, '', '2021-03-07 13:01:50.814433', 16),
(318, 18, '2021-03-03', 1200, 72, '', '2021-03-07 13:02:42.595388', 16),
(319, 18045, '2021-03-03', 739, 26, '', '2021-03-07 13:06:10.865611', 16),
(320, 445, '2021-03-07', 3500, 17, '', '2021-03-07 13:16:45.067971', 16),
(321, 8643, '2021-03-03', 6200, 22, '', '2021-03-07 13:18:24.793174', 16),
(322, 7796, '2021-03-03', 3200, 45, '', '2021-03-07 13:20:09.001677', 16),
(323, 834, '2021-03-03', 2431, 13, '', '2021-03-07 13:21:32.211736', 16),
(324, 53, '2021-03-08', 1256, 75, '', '2021-03-08 16:12:57.926149', 16),
(325, 367, '2021-03-07', 13941, 51, '', '2021-03-08 16:18:53.618870', 16),
(327, 483, '2021-03-13', 5630, 17, '', '2021-03-13 12:52:48.468362', 16),
(328, 23145, '2021-03-11', 886, 14, '', '2021-03-13 12:58:03.866186', 16),
(329, 5009, '2021-02-25', 1592, 63, '', '2021-03-13 12:59:36.290445', 16),
(330, 16856, '2021-03-11', 5900, 71, '', '2021-03-13 13:05:32.217404', 16),
(331, 2275, '2021-03-11', 1160, 20, '', '2021-03-13 13:08:14.605210', 16),
(332, 4068, '2021-03-14', 1734, 21, '', '2021-03-15 11:56:24.000143', 16),
(333, 488, '2021-03-14', 8750, 17, '', '2021-03-15 11:57:11.139017', 16),
(334, 88, '2021-03-14', 4840, 22, '', '2021-03-15 11:58:34.734978', 16),
(335, 1398, '2021-03-13', 1600, 59, '', '2021-03-15 11:59:51.689409', 16),
(336, 1312, '2021-03-13', 8277, 8, 'Alpha lf, Alpha No 2 ', '2021-03-15 12:04:37.161699', 16),
(337, 18244, '2021-03-13', 739, 26, '20 Myconil 30 Mg price 36.941 af ', '2021-03-15 12:06:44.147727', 16),
(338, 6553, '2021-03-14', 1670, 25, '', '2021-03-15 12:08:28.723971', 16),
(339, 1638, '2021-03-12', 2060, 36, '20 Preg 50mg P-103af ', '2021-03-15 12:12:25.486032', 16),
(340, 1564, '2021-03-15', 5550, 24, 'Zesomed 20 p90af, yclodex 30 p125af ', '2021-03-16 13:01:25.643986', 16),
(341, 1333, '2021-03-14', 10032, 37, 'Uresol Plus Cap 50 + 5 p154af, Metofol Plus Tab 5 p154af, Meftofol p114af, forlive syp 10 p95af ', '2021-03-16 13:05:39.679528', 16),
(342, 18328, '2021-03-15', 2856, 55, 'Leps syp 10 p202af, Preus syp 10 p82af ', '2021-03-16 13:09:07.380328', 16),
(343, 196, '2021-03-12', 2745, 70, 'drop Netcal-D 30 p101.66af ', '2021-03-16 13:17:42.612896', 16),
(344, 3770, '2021-03-15', 1050, 16, 'Rosuless F 10 P105af ', '2021-03-16 13:20:48.541722', 16),
(345, 1657, '2021-03-13', 3020, 47, 'Amlong-A 20 p 151Af', '2021-03-16 13:24:36.846321', 16),
(346, 23268, '2021-03-15', 2225, 14, 'Nezocin susp 10  p 222.45 af ', '2021-03-16 13:33:47.004209', 16),
(347, 59, '2021-03-13', 2512, 75, 'Ferup 200ml syp p 125af 20', '2021-03-16 13:35:25.091667', 16),
(348, 1862, '2021-03-08', 1200, 6, 'Metrosam Tab 10 p120af ', '2021-03-16 13:40:19.233616', 16),
(349, 3621, '2021-03-07', 7950, 16, 'Rosuless f 20 p105af, Ecoxib 90 Tab 20 p 95af, Tenebet M tab 10 p395af ', '2021-03-16 13:44:52.823012', 16),
(350, 5939, '2021-03-07', 1760, 5, '', '2021-03-16 13:45:58.073132', 16),
(351, 2264, '2021-03-09', 2065, 20, 'flyx-f 5 p173af, Pregnalax Tab 5 p240af ', '2021-03-16 13:47:45.247669', 16),
(352, 850, '2021-03-07', 955, 13, '', '2021-03-16 13:50:06.286338', 16),
(353, 12, '2021-03-17', 500, 35, 'for 100 ampuls of Vit D3 paid in cash ', '2021-03-18 09:45:57.661197', 16),
(354, 4329, '2021-03-18', 1820, 49, 'Correction on ladger ', '2021-03-18 09:47:28.195264', 16),
(355, 4115, '2021-03-18', 1183, 49, 'Correction ', '2021-03-18 09:48:01.281038', 16),
(356, 499, '2021-03-17', 5250, 17, '30 Pantonest Dsr 175af ', '2021-03-18 09:50:45.491529', 16),
(357, 22859, '2021-03-17', 703, 69, '10 Enrich p70.301af', '2021-03-18 09:55:33.201728', 16),
(358, 901, '2021-03-16', 1618, 13, '20 Ciprok 125mg p80.886af ', '2021-03-18 09:59:40.808204', 16),
(359, 22906, '2021-03-23', 796, 33, '10 Cefprox susp 80af ', '2021-03-27 10:49:23.187353', 16),
(360, 23486, '2021-03-25', 1329, 14, '30 Genlevo 500mg 44.29af ', '2021-03-27 10:55:19.231102', 16),
(361, 23462, '2021-03-24', 6492, 15, '40 Drop Nayspa  190.94 af with 15% discount ', '2021-03-27 11:01:31.665495', 16),
(362, 775, '2021-03-24', 1793, 76, '20 Prefor 50Mg 89.650af ', '2021-03-27 11:30:51.508125', 16),
(363, 12210, '2021-03-22', 8400, 28, '30 cap novapower 160af  30 syp novapower 120af ', '2021-03-27 11:33:51.832843', 16),
(364, 6590, '2021-03-25', 3950, 25, '10 Cap Collgil 395af ', '2021-03-27 11:35:54.612264', 16),
(365, 3860, '2021-03-23', 2950, 16, '10 Rosuless  10/60 Tab 105af, 10 Ecoxib 90 Tab 95af, 10 Xcure Alm tba 95af,  ', '2021-03-27 11:38:37.891182', 16),
(366, 11550, '2021-03-23', 1955, 53, '10 Dexolanz 30mg Cap 196af ', '2021-03-27 11:42:51.307052', 16),
(367, 1358, '2021-03-23', 1666, 37, '10 forlive Cap 166af ', '2021-03-27 11:47:53.424840', 16),
(368, 2321, '2021-03-23', 2900, 20, '50 Ramalex Drop 20ml 58af ', '2021-03-27 11:51:01.553140', 16),
(369, 6584, '2021-03-15', 3000, 25, '20 Sech Prolex 150af ', '2021-03-27 11:54:29.684146', 16),
(370, 1502, '2021-03-18', 900, 59, '10 Phariton Genseng 90af ', '2021-03-27 11:58:30.130898', 16),
(371, 901, '2021-03-16', 1618, 13, '20 Ciprok 81af ', '2021-03-27 12:03:08.242198', 16),
(372, 3902, '2021-03-27', 2100, 16, '20 Tab Rosuless F 10/160 105af ', '2021-03-28 09:20:27.090637', 16),
(373, 17010, '2021-03-27', 5900, 71, '50 Pok CaloCal D3 118af ', '2021-03-28 09:24:08.187087', 16),
(374, 27, '2021-03-28', 600, 72, '10 syp Ardryllin 120ml 60af', '2021-03-29 11:10:57.046874', 16),
(375, 79, '2021-03-28', 2512, 75, '20 Syp Ferup 200ml 125.6af ', '2021-03-29 11:14:18.097150', 16),
(376, 4126, '2021-03-28', 2550, 21, '20 syp Semag Plus 127.49af ', '2021-03-29 11:16:12.618878', 16),
(377, 2266, '2021-03-24', 5460, 32, '20 Telmizide 40 tab 105af , 20 Pinnofec tab 168af \r\n', '2021-03-29 11:19:01.182356', 16),
(378, 3961, '2021-03-29', 1900, 16, '', '2021-03-30 12:59:54.424537', 16),
(379, 536, '2021-03-29', 5250, 17, '30 Cap Pantonest DSR 175af ', '2021-03-30 13:04:17.931249', 16),
(380, 1, '2021-04-03', 2575, 77, '25 Quick D Drops 102Af ', '2021-04-08 13:53:43.103917', 16),
(381, 1636, '2021-04-07', 700, 24, '20 Zepamol 500mg 35af ', '2021-04-08 13:56:18.861302', 16),
(382, 589, '2021-04-07', 1750, 17, '10 Pantonest DSR 175af ', '2021-04-08 13:57:31.044318', 16),
(383, 1844, '2021-04-06', 2233, 8, '12 Alpha Cerilac Mix 29$ / converted to 77', '2021-04-08 14:01:38.346251', 16),
(384, 6118, '2021-04-04', 1496, 5, '10 syp Procod  170af ', '2021-04-08 14:04:13.771708', 16),
(385, 1, '2021-04-08', 8718, 33, 'invoice Correction bill no 22839 and 22706 ', '2021-04-08 14:09:58.407182', 16),
(386, 17956, '2021-04-03', 1560, 47, '10 syp Bactoclofe DS 156af ', '2021-04-08 14:17:27.086304', 16),
(387, 4008, '2021-04-01', 780, 16, '10 syp Xcure M 78af ', '2021-04-08 14:18:31.547334', 16),
(388, 2371, '2021-03-31', 3720, 20, '10 Cap Lekxman 372af ', '2021-04-08 14:23:09.653481', 16),
(389, 11795, '2021-03-31', 7174, 53, '30 Daxlanz 30mg 195af 20 Apsin 65af ', '2021-04-08 14:33:19.002016', 16),
(390, 1406, '2021-03-30', 1039, 63, '20 syp Nt-tox 51af ', '2021-04-08 14:36:52.798591', 16),
(391, 985, '2021-03-30', 2240, 38, '20 Tab Cadi MW 112af ', '2021-04-08 14:38:03.383750', 16),
(392, 1616, '2021-03-30', 9250, 24, '50 Zesomed 40mg 110af 30 Zyclodex 125af ', '2021-04-08 14:40:03.369079', 16),
(393, 972, '2021-03-30', 1618, 13, '20 Ciprok 125mg 81af ', '2021-04-08 14:41:45.450872', 16),
(394, 12324, '2021-03-30', 2400, 28, '20 syp Novapower 120af ', '2021-04-08 14:42:51.706753', 16),
(395, 5222, '2021-03-13', 2630, 63, '20 Nt-tox 52af,  20 effcip sus 80af ', '2021-04-08 14:53:37.172722', 16),
(396, 1948, '2021-04-14', 13465, 8, '12 Alpha LF 400 Gram 45$ ', '2021-04-14 12:42:58.739710', 16),
(397, 1647, '2021-04-12', 1800, 24, '20 Zesomed 20Mg ', '2021-04-14 12:44:29.166235', 16),
(398, 4200, '2021-04-12', 1900, 16, '20 Ecoxib 90 95af ', '2021-04-14 12:46:10.331096', 16),
(399, 1963, '2021-04-11', 2097, 68, '10 Tab Confim-D  233af', '2021-04-14 12:55:11.462963', 16),
(400, 251, '2021-04-11', 2745, 70, '30 Drop NetCal-D 101af ', '2021-04-14 12:58:11.146380', 16),
(401, 6170, '2021-04-11', 1760, 5, '20 syp Ferochell 100af ', '2021-04-14 13:02:17.521640', 16),
(402, 848, '2021-04-14', 1810, 76, '20 Cap Prefor 50mg 90.495af ', '2021-04-15 10:19:30.709864', 16),
(403, 612, '2021-04-14', 9130, 17, '30 Flanac-p sus 71af, 20 flanac-sp cap 175af, 20 pantonest-dsr 175af ', '2021-04-15 10:21:24.881018', 16),
(404, 1, '2021-04-15', 5050, 59, 'Account amount correction ', '2021-04-15 10:33:36.467478', 16),
(405, 117, '2021-04-14', 2512, 75, '20 syp ferup 200ml 125.6af ', '2021-04-15 10:53:43.405736', 16),
(406, 138, '2021-04-14', 1607, 79, '10 pom Micort  91af, 10 lotion DV Wash 82af ', '2021-04-15 11:06:00.413006', 16),
(407, 1049, '2021-04-11', 1261, 13, '20 susp Dolum 120ml 63af ', '2021-04-17 09:49:51.682693', 16),
(408, 603, '2021-04-11', 3500, 17, '20 Cap Pantonest Dsr 175af ', '2021-04-17 09:53:19.097756', 16),
(409, 601, '2021-04-11', 9153, 51, '60 susp Trinkle 125mg 96af, 20 susp Tringkel  250mg 168af ', '2021-04-17 09:57:45.132184', 16),
(410, 4166, '2021-04-10', 6925, 16, '20 Rosuless f 2100af, 20 Ecoxib 90 95af, 10 Tab Xcure Alm 95af, 5 Tab Tenebite m 395af ', '2021-04-17 10:01:56.980924', 16),
(411, 2007, '2021-04-11', 1800, 59, '20 Cap Phariton Ginseng 90af ', '2021-04-17 10:03:11.228900', 16),
(412, 1657, '2021-04-18', 1800, 24, '20 Cap Zesomed 20mg 90af ', '2021-04-18 17:05:30.397606', 0),
(413, 44, '2021-04-18', 900, 72, '10 sy Alocid Plus 200 ml 90af ', '2021-04-18 17:08:09.695988', 0),
(414, 1082, '2021-04-17', 6194, 13, '50 Susp BV-Clare 125mg 124af ', '2021-04-18 17:10:07.900723', 0),
(415, 681, '2021-02-24', 1759, 76, '20 Cap Prefor 50mg 88af ', '2021-04-19 10:34:40.029381', 16),
(416, 9316, '2021-03-07', 4137, 80, '20 cofnext kids 109af, 20 cofnext adult 109af 5.5% discount ', '2021-04-19 10:44:46.250399', 16),
(417, 1653, '2021-04-17', 5500, 24, '50 Zesomed 40Mg 110af ', '2021-04-19 10:46:27.085501', 16),
(418, 4258, '2021-04-17', 4950, 16, '20 Tab Rosuless F 10/160 105af, 20 Ecoxib 90 95af, 10 Xcure Alm Tab 95af ', '2021-04-19 10:50:48.061424', 16),
(419, 12471, '2021-04-15', 1600, 28, '10 Tab NovaPower Plus 160af ', '2021-04-19 10:52:39.057564', 16),
(420, 597, '2021-04-14', 910, 81, '10 Biozin Sach 91af ', '2021-04-19 10:57:49.422468', 16),
(421, 18972, '2021-04-10', 1689, 55, '20 syp Preus 89af ', '2021-04-19 11:02:23.819298', 16),
(422, 6700, '2021-03-19', 3950, 25, '10 Cap Collgil 395af', '2021-04-19 11:03:53.841835', 16),
(423, 23720, '2021-03-31', 891, 48, '10 sus Prelox 40Mg 90af ', '2021-04-19 11:10:19.835220', 16),
(424, 740, '2021-04-03', 950, 82, '5 Ketacor Plus Shampo 190af ', '2021-04-19 11:27:02.850058', 16),
(425, 208, '2021-03-31', 2168, 83, '15 syp Clarmac 250Mg 170af ', '2021-04-19 11:33:28.384424', 16),
(426, 5471, '2021-03-17', 2250, 84, '50 sy A-Sec 45af ', '2021-04-19 11:38:13.310652', 16),
(427, 13365, '2021-04-19', 5456, 29, '30 Cap Vios 20mg 54af, 50 Cap Fucin 77af ', '2021-04-20 09:11:04.934391', 16),
(428, 23313, '2021-04-19', 1591, 33, '20 Syp cefprox 70af ', '2021-04-20 09:13:05.782181', 16),
(429, 715, '2021-04-22', 5109, 57, '60 Syp Urofast 92af, 5 drop Yohimbinum 98af ', '2021-04-22 13:43:01.682639', 16),
(430, 1, '2021-04-22', 2365, 48, 'Invoice correction ', '2021-04-22 14:49:42.627902', 16),
(431, 227, '2021-04-22', 3801, 70, '40 Drop NetCal-D 105af ', '2021-04-24 10:10:11.627578', 16),
(432, 602, '2021-04-21', 1340, 81, '20 Syp Biozin 67af ', '2021-04-24 10:13:20.236582', 16),
(433, 5502, '2021-04-22', 2500, 84, '50 Tab A-Sec 50af', '2021-04-24 10:21:20.016229', 16),
(434, 19124, '2021-04-21', 1689, 55, '20 Syp Preus 84af ', '2021-04-24 10:46:44.215873', 16),
(435, 1, '2021-04-21', 2060, 36, '20 Cap Preg 50mg 2060af ', '2021-04-24 10:48:56.352374', 16),
(436, 645, '2021-04-21', 7000, 17, '20 Cap Pantonest DSR 175af, 20 Tab Flanac SP 175af ', '2021-04-24 10:52:12.286097', 16),
(437, 1220, '2021-04-21', 5900, 71, '50 Sochet CaloCal D3 118af ', '2021-04-24 10:54:09.734517', 16),
(438, 4298, '2021-04-21', 780, 16, '10 Syp Xcure M 78af ', '2021-04-24 10:55:08.172407', 16),
(439, 16619, '2021-04-21', 8400, 10, '30 Cap Dexwell 60mg 280af ', '2021-04-24 10:57:03.012389', 16),
(440, 1657, '2021-04-21', 1510, 47, '10 Tab Amlong A 151af ', '2021-04-24 10:58:27.212405', 16),
(441, 2458, '2021-04-21', 5300, 20, '10 Tab Pregnalax 240af, 50 Drop Ramalax 20ml 58af ', '2021-04-24 11:00:35.530764', 16),
(442, 2140, '2021-04-21', 1800, 59, '20 Cap Calcitra 90af ', '2021-04-24 11:02:04.143707', 16),
(443, 93, '2021-04-21', 1148, 61, '10 Tab Clariza 250mg 114af ', '2021-04-24 11:05:01.058754', 16),
(444, 4330, '2021-04-24', 2550, 21, '20 Sup Semag Plus 128af ', '2021-04-25 09:21:30.459953', 16),
(445, 52, '2021-04-24', 1200, 72, '20 Syp Ardryllin 120ml 60af ', '2021-04-25 09:24:24.826329', 16),
(446, 1681, '2021-04-21', 11050, 24, '30 Tab Zyclode 20mg 125af, 20 Cap Zesomed 20mg 90af, 50 Cap Zesomed 40mg 110af ', '2021-04-25 09:27:03.705097', 16),
(447, 5625, '2021-04-17', 1592, 63, '20 Syp Efecip 250mg 80af ', '2021-04-25 09:29:47.819024', 16),
(448, 18212, '2021-04-24', 1900, 47, '20 Tab Fexid M 95af ', '2021-04-25 09:36:15.174087', 16),
(449, 38, '2021-04-24', 3090, 77, '30 Drop Quik D 103af ', '2021-04-25 09:38:24.895404', 16),
(450, 6793, '2021-04-24', 3950, 25, '10 Cap Collgil 395af ', '2021-04-25 09:40:27.249750', 16),
(451, 6232, '2021-04-24', 2658, 5, '20 Syp Ferochel 100af, 6 Syp Procode 170af ', '2021-04-25 09:42:41.638970', 16),
(452, 4332, '2021-04-24', 1900, 16, '20 Tab Ecoxib 90mg 95af ', '2021-04-25 09:45:18.030948', 16),
(453, 12307, '2021-04-21', 655, 53, '10 syp Apsin 120ml 66af ', '2021-04-25 09:48:24.958175', 16),
(454, 12105, '2021-04-22', 1455, 7, '20 Drop Cofif 20ml 73af ', '2021-04-25 09:49:43.486105', 16),
(455, 24379, '2021-04-24', 2225, 14, '10 Susp Nezocin 222.45af ', '2021-04-25 12:21:00.102566', 0),
(456, 4368, '2021-04-26', 1900, 16, '20 Ecoib 90 95af ', '2021-04-27 10:24:57.153764', 16),
(458, 6585, '2020-12-19', 6050, 45, '55 Powder Kabz End 110af', '2021-04-27 10:33:56.190877', 16),
(459, 1, '2021-04-27', 500, 45, 'correction', '2021-04-27 10:39:05.755955', 16),
(460, 19341, '2021-04-27', 1129, 26, '50 Drop Myconil 30ml 37.635 af ', '2021-04-27 17:33:51.169929', 16),
(461, 145, '2021-04-27', 2512, 75, '20 Syp Ferup 200ml 125.6af ', '2021-04-28 09:31:37.753183', 16),
(462, 4374, '2021-04-27', 1360, 16, '10 Syp B29 136af ', '2021-04-28 09:34:57.984031', 16),
(463, 5572, '2021-04-27', 6930, 8, '24 Alpha LF 90$ converted to 77af, each 288.75af', '2021-04-28 09:36:55.932561', 16),
(464, 613, '2021-04-25', 910, 81, '', '2021-04-28 09:38:50.104107', 16),
(465, 1385, '2021-04-28', 1600, 50, '20 Syp Crimser Plus 80af ', '2021-04-29 10:13:58.695167', 16),
(466, 6039, '2021-03-23', 2517, 5, '', '2021-04-29 14:20:06.896512', 0),
(467, 6151, '2021-04-22', 2499, 43, '50 Drop Slate 50mg 50af ', '2021-05-01 10:19:04.606196', 16),
(468, 680, '2021-04-29', 3500, 17, '20 Cap Pantonest DSR 175af ', '2021-05-01 10:22:45.470933', 16),
(469, 2492, '2021-04-23', 952, 52, '10 Paxetin 20mg 112af ', '2021-05-01 12:52:56.849043', 16),
(470, 2085, '2021-04-29', 950, 85, '10 Suspen Levilax 95af ', '2021-05-01 12:57:54.350001', 16),
(471, 2716, '2021-04-28', 3000, 74, '20 Syp Pirasym 150af ', '2021-05-01 12:59:02.550143', 16),
(472, 681, '2021-05-01', 21760, 17, '50 Tab Flanac Sp 175AF , 50 Cap Pantonest DSR 175AF , 60 Syr Planac p 71af ', '2021-05-01 13:01:03.294372', 16),
(473, 1703, '2021-05-01', 6200, 24, '50 Cap Zesomed 40mg 110af, 20 Tab Zepamol 500mg 35af ', '2021-05-02 10:06:19.844349', 16),
(474, 628, '2021-04-30', 1639, 81, '18 Biozin Sachet 91af ', '2021-05-03 09:13:59.165043', 16),
(475, 24732, '2021-05-02', 891, 48, '10 Sus Prelox 40mg 89af ', '2021-05-03 09:18:49.636821', 16),
(476, 24703, '2021-05-01', 1089, 14, '22 Genlevo 250mg 29.35af, 10 Genlevo 500mg 44.29af ', '2021-05-03 09:22:09.365121', 16),
(477, 5814, '2021-05-01', 8367, 63, '50 Efecip 125mg 46af, 50 Efecip 250mg 70af, 50 NT-TOX sus 51af ', '2021-05-03 09:25:52.605353', 16),
(478, 4391, '2021-04-29', 3260, 16, '20 Tab Ecoxib 90mg 95af, 10 Syp B29 136af ', '2021-05-03 09:29:09.245237', 16),
(479, 57, '2021-05-03', 1200, 72, '20 Syp Ardrylin 60af ', '2021-05-03 17:31:16.353285', 16),
(480, 1657, '2021-05-03', 1420, 47, '10 Syp Ginko Plus 142af ', '2021-05-03 17:33:42.163048', 16),
(481, 895, '2021-04-29', 1900, 82, '10 Shampo Ketocor Plus 190af ', '2021-05-03 17:36:56.769842', 16),
(482, 733, '2021-05-03', 15894, 51, '60 Trinkle 125ml 96af, 60 Trinkle 250mg 166af ', '2021-05-03 17:45:45.057261', 16),
(483, 1220, '2021-05-03', 5900, 71, '50 Sachet CaloCal D3 118af ', '2021-05-03 17:46:59.302855', 16),
(484, 24751, '2021-05-03', 2225, 14, '10 Syp Nezocin 222af ', '2021-05-03 17:48:16.153906', 16),
(485, 19503, '2021-05-04', 3755, 55, '10 Syp LepSi 207af, 20 syp Preus 85af ', '2021-05-05 09:44:39.670790', 16),
(486, 8310, '2021-05-04', 2200, 45, '20 Powder Kabzend 110af ', '2021-05-05 09:46:48.104651', 16),
(487, 691, '2021-05-03', 2568, 17, '10 Tab Etorinest 120mg 197af, 3 Tab Painrex 198af ', '2021-05-05 09:51:16.615765', 16),
(488, 4437, '2021-05-04', 1900, 16, '20 Ecoxib 90mg 95af ', '2021-05-05 09:56:51.497074', 16),
(489, 6858, '2021-05-05', 870, 25, '10 Zincorex 87af ', '2021-05-06 09:37:05.377714', 16),
(490, 46, '2021-05-05', 3349, 86, '20 Syp Calsyn 200ml 78af, 20 synozyme 200ml 89af ', '2021-05-06 09:41:31.101220', 16),
(491, 1433, '2021-05-05', 723, 87, '10 Syp Actilife 72af ', '2021-05-06 09:47:49.037925', 16),
(492, 5858, '2021-05-04', 827, 63, '10 Syp Pediet 120ml 83af ', '2021-05-06 09:50:02.087781', 16),
(493, 28993, '2021-05-04', 9723, 60, '50 Cap Esso 40mg 195af ', '2021-05-06 09:51:23.328900', 16),
(494, 9843, '2021-05-05', 2897, 80, '20 Syp Cofnext Kids 110af, Tab Glimin 83af ', '2021-05-08 12:51:25.817954', 16),
(495, 4497, '2021-05-08', 1560, 16, '20 Syp Xcure-M 78af ', '2021-05-08 12:52:59.266192', 16),
(496, 24888, '2021-05-06', 2225, 14, '20 Susp Nezocin 223af ', '2021-05-08 13:39:57.788449', 16),
(497, 2591, '2021-05-11', 1900, 59, '20 Cap Phariton Ginseng 95af ', '2021-05-12 09:26:32.862125', 16),
(498, 1457, '2021-05-10', 723, 87, '10 Syp Actilife 73af ', '2021-05-12 09:27:58.396378', 16),
(499, 25066, '2021-05-10', 1783, 48, '20 Sus Prelox 89.13af ', '2021-05-12 09:35:04.542658', 16),
(500, 6317, '2021-05-17', 1760, 5, '20 syp Fefochel 100af ', '2021-05-18 13:00:55.102398', 16),
(501, 12635, '2021-05-16', 4800, 28, '30 Cap NovaPower Plus 160af ', '2021-05-18 13:10:41.294888', 16),
(502, 4553, '2021-05-12', 1360, 16, '10 Syp B29 136af ', '2021-05-18 13:13:50.294138', 16),
(503, 1657, '2021-05-18', 1420, 47, '10 syp Ginko Plus 142af ', '2021-05-19 09:34:01.174809', 16),
(504, 2571, '2021-05-18', 1920, 20, '20 Syp BioKorl-D 96af ', '2021-05-19 09:36:18.929652', 16),
(505, 12672, '2021-05-18', 2400, 28, '20 Syp NovaPower Puls 120af ', '2021-05-19 09:39:30.993509', 16),
(506, 48, '2021-05-18', 5150, 77, '50 Drop Quik D 103af ', '2021-05-19 09:40:38.988426', 16),
(507, 4603, '2021-05-18', 1900, 16, '20 Tab Ecoxib 90mg 95af ', '2021-05-19 09:45:04.641728', 16),
(508, 4553, '2021-05-12', 1360, 16, '10 Syp B29 136af ', '2021-05-19 09:46:43.352777', 16),
(509, 5966, '2021-05-17', 1654, 63, '20 Syp Pediet 82af ', '2021-05-19 09:48:18.708740', 16),
(510, 1387, '2021-05-20', 2400, 50, '', '2021-05-22 09:34:47.331394', 16),
(511, 6924, '2021-05-20', 3950, 25, '10 Cap Collgil 395af ', '2021-05-22 09:36:32.939473', 16),
(512, 78, '2021-05-20', 1564, 86, '20 Syp Calsyn 200ml 78af ', '2021-05-22 09:38:23.320212', 16),
(513, 1215, '2021-05-20', 3154, 13, '50 Syp Dolum 63af ', '2021-05-22 09:44:18.210116', 16),
(514, 1731, '2021-05-18', 5500, 24, '50 Cap Zeomed 110af ', '2021-05-22 10:14:55.553019', 16),
(515, 1220, '2021-05-19', 5900, 71, '50 Sachet Calocal d3 118af ', '2021-05-22 10:20:19.920221', 16),
(516, 1470, '2021-05-19', 772, 87, '10 Syp Actilife 72af ', '2021-05-22 10:23:15.566388', 16),
(517, 1548, '2021-05-08', 952, 37, '10 Syo Forliv 96af ', '2021-05-22 16:52:54.370344', 16),
(518, 1570, '2021-05-22', 16803, 37, '80 Cap Uresol Plus 166af , 20 Forliv Syp 95af, 2 ForFcos Sachet 785af ', '2021-05-22 16:54:32.903778', 16),
(519, 29170, '2021-05-23', 3890, 60, '20 Cap Esso 40mg 194af ', '2021-05-24 09:08:33.776847', 16),
(520, 6944, '2021-05-23', 870, 25, '10 Syp Zincorex 87af ', '2021-05-24 09:12:09.884015', 16),
(521, 2516, '2021-05-22', 5460, 32, '20 Tab Pinnofec C 168af, 20 Tab Telmizide 40mg 105af ', '2021-05-24 09:15:58.800651', 16),
(522, 5603, '2021-05-23', 4466, 8, '25 Fruite serial 290af ', '2021-05-24 11:05:44.146266', 16),
(523, 4654, '2021-05-22', 6950, 16, '30 Rusuless F 105af, 30 Tab Xcure ALM 95af, Tab Ecoxib 90mg 95af ', '2021-05-24 11:07:55.124438', 16),
(524, 1657, '2021-05-22', 1510, 47, '10 Amlong A 151af ', '2021-05-24 11:09:15.446175', 16),
(525, 435, '2021-05-23', 885, 88, '10 Tab Orpadol 650mg 88,481af ', '2021-05-24 11:16:02.428259', 16),
(526, 433, '2021-05-22', 1619, 88, '10 Lacenac 100Mg 67.3af , 10 Lanosh 30mg 94af  ', '2021-05-24 11:39:01.867785', 16),
(527, 5533, '2021-05-22', 2250, 84, '50 syp A-sec 45af ', '2021-05-24 11:42:59.535320', 16),
(528, 63, '2021-05-20', 2100, 72, '10 Alocid Plus 200ml, 20 Ardryllin syp 60af ', '2021-05-24 11:44:57.518746', 16),
(529, 80, '2021-05-22', 1785, 86, '20 Syp Synozyme 200ml 89.25af ', '2021-05-24 11:47:02.424713', 16),
(530, 13208, '2021-05-24', 3243, 89, '20 Colibid 7.5ml Drops 190af ', '2021-05-25 08:45:37.169896', 16),
(531, 12739, '2021-05-24', 4800, 28, '30 Tab Nova Power Plus 160af ', '2021-05-25 08:50:20.154251', 16),
(532, 4761, '2021-05-26', 4620, 16, '20 B29 syp 136af 20 Ecoib 90mg 95af ', '2021-05-27 10:11:30.236934', 16),
(533, 1220, '2021-05-30', 5900, 71, '50 Sachet CalOCal D3 118af ', '2021-05-30 16:40:58.725473', 16),
(534, 20041, '2021-05-30', 4223, 55, '50 Syp Preus 85af ', '2021-05-30 16:42:07.947660', 16),
(535, 25622, '2021-05-30', 3127, 15, '50 Tab Asilix 250mg 70af ', '2021-05-30 16:44:44.314143', 16),
(536, 2477, '2021-05-30', 2400, 6, '20 Tab Metrosam 120af ', '2021-05-30 16:46:33.357130', 16),
(537, 1794, '2021-05-30', 13700, 24, '100 Zesomed 40mg 110af , 30 Zesomed 20mg 90af ', '2021-05-30 16:48:59.415338', 16),
(538, 1771, '2021-05-25', 2540, 24, '20 Tab Zlox 500mg 127af ', '2021-05-30 16:50:41.255716', 16),
(539, 12770, '2021-05-27', 1400, 28, '20 Capsules Wek D3 70af ', '2021-05-30 16:52:48.148534', 16),
(540, 449, '2021-05-29', 4231, 88, '30 Tab Lasinac 100mg 67af , 25 Orpadol 88.5af ', '2021-05-30 16:58:11.195951', 16),
(541, 1753, '2021-05-22', 3595, 24, '10 Tab Zyclodex 20mg 125af , 10 Zesomed 20mg 90af , Zoxime 400mg 144af ', '2021-05-30 17:00:24.380172', 16),
(542, 1777, '2021-05-27', 9950, 24, '50 Zesomed 40mg 110af, 30 Zyclodex 125af, 20 zepamol 35af ', '2021-05-30 17:08:23.440729', 16),
(543, 69, '2021-05-30', 4800, 72, '60 syp Adrylline 80af ', '2021-05-30 17:09:38.834437', 16),
(544, 2996, '2021-05-29', 1900, 59, '20 Cap Phariton Ginseng 95af ', '2021-05-30 17:12:27.523060', 16),
(545, 4761, '2021-05-26', 4620, 16, '20 Syp B29 136af , 20 syp Ecoxib 90mg 1900af ', '2021-05-30 17:13:58.764619', 16),
(546, 8541, '2021-05-26', 2400, 45, '24 Syp Ranidom O 100af ', '2021-05-30 17:21:00.518137', 16),
(547, 712, '2021-05-30', 2920, 81, '30 Syp Biozin 67af, 10 Biozin Sachet 90af ', '2021-05-30 17:29:20.483085', 16),
(548, 6966, '2021-05-30', 3000, 25, '10 Sochet Prelex 150af ', '2021-05-31 12:58:26.581164', 16),
(549, 1771, '2021-05-25', 2540, 25, '20 Tab Z Flox 500mg 127af ', '2021-05-31 13:00:11.329494', 16),
(550, 192, '2021-05-25', 2135, 75, '17 Syp Ferup 200ml 125af ', '2021-05-31 13:01:33.368207', 16),
(551, 11, '2021-05-25', 1734, 21, '20 Syp Cranil 87af ', '2021-05-31 13:03:42.842243', 16),
(552, 839, '2021-05-25', 1126, 61, '10 TAb Clariza 250mg 112af ', '2021-05-31 13:09:36.426283', 16),
(553, 2624, '2021-05-25', 5290, 20, '10 Tab Biokrol-D 239af , 50 Drop Ramalex 58af ', '2021-05-31 13:11:22.236129', 16),
(554, 778, '2021-05-29', 12630, 17, '30 Tab Flanac Sp 175af , 30 Cap Pantonest DSR 175af 30 Sus Flanac p ', '2021-05-31 13:28:48.967165', 16),
(555, 2469, '2021-06-01', 950, 85, '10 Syp Levilat 95af ', '2021-06-01 11:21:56.479679', 16),
(556, 5542, '2021-06-01', 3520, 84, '50 Tab A-sec 50af - 30 Tab P0sur 34af ', '2021-06-01 11:24:51.366164', 16),
(557, 6255, '2021-06-01', 3970, 63, '48 Syp Pediet 120mg 82af ', '2021-06-02 11:22:29.678242', 16),
(558, 4875, '2021-06-01', 1900, 16, '20 Tab Ecoxib 90mg 95af ', '2021-06-02 11:24:05.763556', 16),
(559, 17232, '2021-06-01', 8400, 10, '30 Dexwell 60mg 280af ', '2021-06-02 11:33:29.721032', 16),
(560, 1554, '2021-06-01', 3901, 87, '54 Syp Actilife 73af ', '2021-06-02 11:35:28.786474', 16),
(561, 7026, '2021-06-01', 4820, 25, '10 Cap Collgil 395af , 10 Syp Zincorex 87af ', '2021-06-02 11:38:11.353267', 16),
(562, 1393, '2021-06-01', 1600, 50, '20 Syp Crimiser Plus 80af ', '2021-06-02 11:39:36.960005', 16),
(563, 1966, '2021-06-01', 1154, 91, '5 Ing Decadron 242.465af ', '2021-06-02 11:44:41.237364', 16),
(564, 1270, '2021-05-31', 2492, 13, '20 Tab Dolium 10mg 124af ', '2021-06-02 11:55:57.412223', 16),
(565, 61, '2021-05-31', 3090, 77, '30 Drop Quick D 103af ', '2021-06-02 12:00:40.876022', 16),
(566, 812, '2021-06-03', 3940, 17, '20 Etorinest 120mg 197af ', '2021-06-05 12:09:34.051365', 16),
(568, 1382, '2021-06-02', 2240, 38, '20 Tab cadi MW 112af ', '2021-06-05 12:19:12.652931', 16),
(569, 135, '2021-06-01', 6588, 86, '50 Calsyn syp 78af - 30 synozyme e200ml 30af ', '2021-06-05 12:21:26.300812', 16),
(570, 67, '2021-06-03', 3660, 92, '10 syp Hematonic 145af , 10 Tab Hematoinic 225af ', '2021-06-05 12:43:46.733729', 16),
(571, 530, '2021-05-25', 1748, 90, '10 Tab Monis 20mg 52sg , Tab Femol 300mg 148af ', '2021-06-05 12:50:54.638101', 16),
(572, 12816, '2021-06-02', 4200, 28, '60 Cap Wek D3 70af ', '2021-06-05 12:53:17.577585', 16),
(573, 1817, '2021-06-06', 3810, 24, '30 Tab Z-flox 500mg 127af ', '2021-06-08 09:32:47.103337', 16),
(574, 17763, '2021-06-02', 2220, 47, '6 Pack of Rechlox 500mg 370af ', '2021-06-08 09:35:41.368887', 16),
(575, 3788, '2021-06-03', 7370, 47, 'Invoice Detail: 100 Montelicast + levocetrazine 170af 65% discount , 10 syp Ginko Plus 142AF', '2021-06-08 09:37:46.493271', 16),
(576, 265, '2021-06-02', 3640, 93, '20 theodoxy 100mg 76af , 20 theofix 200mg 106af ', '2021-06-08 10:08:57.638534', 16),
(577, 25230, '2021-05-20', 552, 15, '9 Asilix 250mg 68af ', '2021-06-10 12:21:44.307378', 16),
(578, 1834, '2021-06-10', 1750, 24, '50 Tab Paracetamol 35af ', '2021-06-10 12:23:19.959102', 16),
(579, 1822, '2021-06-07', 1440, 24, '10 Zoxim 400mg 144af ', '2021-06-10 12:24:18.065358', 16),
(580, 25053, '2021-05-10', 6674, 14, '30 Syp Nezocin 222af ', '2021-06-10 12:28:41.861685', 16),
(581, 858, '2021-06-09', 8520, 17, '120 Syp Flanac P 71af ', '2021-06-10 12:29:42.589650', 16),
(582, 1548, '2021-06-08', 952, 37, '10 Syp forlive 95af', '2021-06-10 12:30:52.318752', 16),
(583, 40, '2021-06-08', 2549, 21, '20 Syp Semeg Plus 127af ', '2021-06-10 12:33:17.442349', 16),
(584, 4987, '2021-06-08', 3460, 16, '10 Xcure alm Table 95af , 20 Xcure M syrup 87af , 10 Ecoxib 90 Tab 95af ', '2021-06-10 12:37:18.091611', 16),
(585, 6492, '2021-06-08', 1672, 5, '20 Syp Livo Gard 95af ', '2021-06-10 12:38:35.175484', 16),
(586, 26076, '2021-06-08', 1783, 48, '20 Susp Prelox 89af ', '2021-06-10 12:39:37.059096', 16),
(587, 1828, '2021-06-08', 1050, 24, '30 Tab Zepamol 500mg 35af ', '2021-06-10 12:41:34.224388', 16),
(588, 6300, '2021-06-05', 3188, 63, '5 Gebon Plus 638af ', '2021-06-10 12:42:56.994500', 16),
(589, 6278, '2021-06-03', 2597, 63, '50 Syp Nt-Tox 51af ', '2021-06-10 12:44:08.493342', 16);
INSERT INTO `invoices` (`invoice_id`, `invoice_no`, `invoice_date`, `invoice_amount`, `company_id`, `detail`, `created_at`, `user_id`) VALUES
(590, 3186, '2021-06-05', 1800, 59, '10 Cifga 500mg 80af , 10 cecoxib 200mg 100af ', '2021-06-10 12:48:06.596319', 16),
(591, 1666, '2021-06-05', 952, 37, '10 Syp forlive 95af ', '2021-06-10 12:51:01.296718', 16),
(592, 6444, '2021-06-02', 2508, 5, '20 Fefochel syp 100af, 10 syp Procode 170af ', '2021-06-10 12:53:03.537061', 16),
(593, 2226, '2021-06-01', 2060, 36, '20 Tab Preg 50mg 103af ', '2021-06-10 12:53:57.752312', 16),
(594, 729, '2021-06-07', 637, 81, '7 biozine sochets 91af ', '2021-06-12 09:39:11.384181', 16),
(595, 5015, '2021-06-10', 7470, 16, '50 Xcure Alm 95af , 20 Syp B29 136af ', '2021-06-12 09:43:57.076587', 16),
(596, 3373, '2021-06-10', 2000, 59, '20 Tab Cecoxibe 200mg 100af ', '2021-06-12 09:45:58.010161', 16),
(597, 20475, '2021-06-12', 1882, 26, '50 Myconil 37af ', '2021-06-13 09:40:43.885079', 0),
(598, 13900, '2021-06-12', 4862, 89, '30 Drop Colibid 7.5ml 190.740af ', '2021-06-13 09:44:07.271849', 16),
(599, 13890, '2021-06-12', 1955, 53, '10 Cap Daxolanz 30mg 196af ', '2021-06-13 09:45:41.636759', 16),
(600, 1841, '2021-06-12', 12800, 24, '20 Zesomed 20mg 90af , 100 Zesomed 40mg 110af ', '2021-06-13 10:18:05.605802', 16),
(601, 88, '2021-06-13', 3480, 92, '24 Syp Hematinic A. B comp Zink 145af ', '2021-06-15 12:42:31.221586', 16),
(602, 1720, '2021-06-13', 1571, 37, '2 For Pecos sochet 785af ', '2021-06-15 12:44:24.814996', 16),
(603, 68, '2021-06-14', 2060, 77, '20 Drop Quik D 103af ', '2021-06-15 12:48:42.259226', 16),
(604, 1846, '2021-06-14', 1750, 24, '50 Tab Zepamol 35af ', '2021-06-15 12:50:37.966943', 16),
(605, 1765, '2021-04-12', 5500, 24, '', '2021-06-15 12:52:30.096983', 16),
(606, 1657, '2021-04-18', 1800, 24, '', '2021-06-15 12:53:03.262998', 16),
(607, 20521, '2021-06-13', 1689, 55, '20 Syp Preus 85af ', '2021-06-15 12:55:44.181146', 16),
(608, 1845, '2021-06-13', 3810, 24, '30 Tab Z-Flox 500 127af ', '2021-06-15 12:58:02.601446', 16),
(609, 74, '2021-06-13', 4800, 72, '60 Ardryllin syp 60af ', '2021-06-15 12:58:52.298013', 16),
(610, 1, '2021-06-16', 200, 43, 'correction', '2021-06-16 11:37:59.231920', 16),
(611, 5089, '2021-06-14', 4750, 16, '50 Tab Xcure Alm 95af ', '2021-06-19 09:58:59.492465', 16),
(612, 667, '2021-06-16', 768, 90, '10 Tab Morning 76af ', '2021-06-19 10:00:43.618565', 16),
(613, 26034, '2021-06-13', 3127, 15, '50 Asilix 250mg 70af ', '2021-06-19 12:44:12.666299', 16),
(614, 26285, '2021-06-13', 3127, 15, '50 Asilix 250mg 70af ', '2021-06-19 12:46:00.160668', 16),
(615, 8710, '2021-06-13', 2200, 45, '20 Mankind Kabz end 110af ', '2021-06-19 12:49:55.939092', 16),
(616, 6231, '2021-06-13', 900, 73, '20 Syp Nedazole DS 120mg ', '2021-06-19 12:50:59.729237', 16),
(617, 74, '2021-06-13', 7000, 28, '100 WeekD3 70af ', '2021-06-19 12:51:52.563781', 16),
(618, 6521, '2021-06-13', 2508, 5, '20  Syp Ferochel 100af , 5 Syp Procode 170af ', '2021-06-19 12:53:29.859285', 16),
(619, 1, '2021-06-20', 500, 6, 'CORRECTION ', '2021-06-20 16:48:51.948845', 16),
(620, 1865, '2021-06-20', 1750, 24, '50 Tab Zepamol 500mg 35af ', '2021-06-21 10:15:10.013424', 16),
(621, 77, '2021-06-19', 4800, 72, '80 Ardryllin syr 120mg 60af ', '2021-06-21 10:16:53.323437', 16),
(622, 3581, '2021-06-20', 4750, 16, '50 Tab cure Alm 95af ', '2021-06-21 10:18:01.327526', 16),
(623, 7824, '2021-06-19', 5000, 41, '100 Rhinosin p spray 50af ', '2021-06-21 10:19:35.581778', 16),
(624, 6589, '2021-06-20', 2907, 63, '50 Tab S-Flox 250mg 50af ', '2021-06-21 10:22:06.047823', 16),
(625, 6579, '2021-06-19', 9282, 63, '10 Gebon Plus 637af , 50 S-Flox 250mg 58af ', '2021-06-21 10:23:46.320799', 16),
(626, 2297, '2021-06-09', 5150, 36, '50 Preg 50mg 103af ', '2021-06-21 10:24:46.981558', 16),
(627, 5712, '2021-06-19', 1700, 84, '', '2021-06-21 12:48:58.257442', 16),
(628, 3251, '2021-06-22', 7222, 8, '1 Carton of Alpha LF 92$ Converted to 78.5af ', '2021-06-24 10:17:46.247265', 16),
(629, 2767, '2021-06-23', 320, 20, '5 Razi-C 64af ', '2021-06-24 10:24:36.790890', 16),
(630, 921, '2021-06-23', 12470, 17, '30 Pantonest DSR 175af, 30 Flanac sp 175af , 10 Etorinest 197af ', '2021-06-24 10:26:28.558669', 16),
(631, 3811, '2021-06-26', 2900, 59, '10 Cecoxibe 200mg 100af , 20 Phariton ginseng 95af ', '2021-06-27 10:22:36.140880', 16),
(632, 2774, '2021-06-26', 4585, 20, '5 Flyx-f Tab 173af , 10 Cap Lekxman 372af ', '2021-06-27 10:34:14.952043', 16),
(633, 13710, '2021-06-22', 3636, 29, '30 Focin Cap 76af , 20 Syp Focin 66af ', '2021-06-27 10:55:40.206321', 16),
(634, 17628, '2021-06-22', 8400, 10, '30 Cap Dexwell 60mg 280af ', '2021-06-27 11:02:11.487195', 16),
(635, 545, '2021-06-21', 850, 88, '10 Cap Lanosh 30mg 95af ', '2021-06-27 16:36:11.614037', 16),
(636, 1778, '2021-06-21', 833, 37, '5 Tab Bio Malt 166af ', '2021-06-27 16:37:14.827683', 16),
(637, 5202, '2021-06-21', 1900, 16, '20 Ecoxib 90 95af ', '2021-06-27 16:38:44.811767', 16),
(638, 562, '2021-06-27', 1702, 88, '20 Cap Lanosh 30mg 95af ', '2021-06-27 16:45:06.312357', 16),
(639, 25306, '2021-06-20', 3182, 95, '20 freehale tab 160af ', '2021-06-27 16:48:16.237180', 16),
(640, 5283, '2021-06-27', 4750, 16, '50 Tab Zcure Alm 95af ', '2021-06-27 16:51:55.898819', 16),
(641, 1912, '2021-06-24', 2451, 94, '20 Syp Linezert 100mg 153.170af ', '2021-06-29 09:25:51.623963', 16),
(642, 9062, '2021-07-29', 1360, 76, 'Pom Healit skin oint 26af , pom Hudroquin plus 15mg 54af ', '2021-07-01 09:39:19.468678', 0),
(643, 5020, '2021-06-30', 58875, 96, '250 DDR 30mg 235af with 250 bonus', '2021-07-01 12:56:24.070396', 16),
(644, 89, '2021-06-30', 3090, 77, '30 Drop Quik DD ', '2021-07-01 13:33:55.259192', 16),
(645, 2129, '2021-06-28', 350, 85, '5 vial Vit D2 70af ', '2021-07-03 09:42:52.088358', 16),
(646, 5723, '2021-06-28', 2500, 84, '50 Tab. Asec 1g 50af ', '2021-07-03 09:45:22.144624', 16),
(648, 764, '2021-06-29', 1338, 90, '10 Tab Femol 400mg 148af', '2021-07-03 09:48:06.253805', 16),
(649, 1897, '2021-06-29', 17590, 24, '100 Zesomed 40mg 110af , 90 zesomed 20mg 90af , 30 Z-flox 500mg 127af, 10 Z-cobal 500mg 98af ', '2021-07-03 09:52:17.485574', 16),
(650, 17733, '2021-06-29', 1040, 10, '20 Famotodine 52af ', '2021-07-03 09:53:40.797251', 16),
(651, 1848, '2021-07-03', 12560, 37, '80 Cap Uresole Plus 157af 8 bonus ', '2021-07-04 09:33:55.666778', 16),
(652, 2832, '2021-07-03', 5290, 20, '10 Cap BioKarl-D 239af , 50 Drop Ramalax 58af ', '2021-07-04 09:37:37.333870', 16),
(653, 1931, '2021-07-03', 6127, 94, '50 Syp Linezert 100mg 153 ', '2021-07-04 09:39:56.669892', 16),
(654, 25396, '2021-07-01', 3182, 95, '20 Tab Freehale 160af ', '2021-07-04 09:40:50.411567', 16),
(655, 358, '2021-07-03', 4750, 47, '50 Tab Fixet M 95af ', '2021-07-04 09:43:03.206325', 16),
(656, 781, '2021-07-10', 3350, 81, '50 syp Biozin 67af ', '2021-07-11 09:40:47.782597', 16),
(657, 5497, '2021-07-10', 2140, 16, '10 B29 136af , 10 Syp Xcure M 78af ', '2021-07-11 09:45:02.260068', 16),
(658, 1322, '2021-07-10', 3350, 22, '10 Cap Fatnail 335af ', '2021-07-11 09:48:11.149254', 16),
(659, 6915, '2021-07-10', 2907, 63, '50 Tab S flox 250mg 58af ', '2021-07-11 09:49:35.386324', 16),
(660, 4061, '2021-07-07', 1800, 59, '20 Cap Calcitra 90af ', '2021-07-11 09:53:00.062817', 16),
(661, 10463, '2021-07-07', 3216, 80, '30 Cofnext adult 110af ', '2021-07-11 10:05:30.498517', 16),
(662, 2809, '2021-07-07', 3150, 6, '30 Tab Rosutin F 105af ', '2021-07-11 10:07:22.274063', 16),
(663, 1744, '2021-07-08', 3825, 87, '10 Cap Gin Xtra 382.5 af ', '2021-07-11 10:12:12.568636', 16),
(664, 13111, '2021-07-07', 3500, 28, '50 Week d3 70af ', '2021-07-11 10:13:05.578263', 16),
(665, 7267, '2021-07-07', 3000, 25, '20 Sachet Prelox 150af ', '2021-07-11 10:14:08.843607', 16),
(666, 22912, '2021-07-06', 4250, 23, '50 Syp BecoActin 85af ', '2021-07-11 10:15:54.426487', 16),
(667, 1618, '2021-07-06', 13520, 10, '130 Dexwell 60mg 104af ', '2021-07-11 10:19:14.896383', 16),
(668, 1920, '2021-07-06', 2880, 24, '20 Cap Zoxime 400mg 144af ', '2021-07-11 10:20:19.610089', 16),
(669, 6618, '2021-07-06', 1496, 5, '10 Syp Procod 170af ', '2021-07-11 10:21:44.577575', 16),
(670, 29835, '2021-07-06', 3890, 60, '20 Cap Seeo 40mg 194af ', '2021-07-11 10:23:04.572336', 16),
(671, 22878, '2021-07-05', 850, 23, '10 Becoactin 85af ', '2021-07-11 10:24:25.930902', 16),
(672, 1920, '2021-07-06', 1199, 61, '10 Tab GRavianate 51af , 10 Tab Cariza 114af ', '2021-07-11 10:25:45.942596', 16),
(673, 869, '2021-07-12', 3381, 90, '20 V3 Drops 162.180af, 10 Tab Monis 20mg 51.357af ', '2021-07-13 10:25:11.751774', 16),
(674, 2858, '2021-07-12', 2100, 6, '20 Tab Rosutin F 105af ', '2021-07-13 10:26:23.039826', 16),
(675, 364, '2021-07-05', 2763, 97, '100 Syp Reltus 120mg 27.625 af ', '2021-07-13 10:36:27.938728', 16),
(676, 321, '2021-06-28', 1381, 97, '50 Syp Reltus 27.625af ', '2021-07-13 10:38:14.068651', 16),
(677, 1471, '2021-07-10', 1649, 13, '20 Syp Ciprok 83af ', '2021-07-13 10:39:36.647575', 16),
(678, 2758, '2021-07-05', 4250, 32, '50 Syp Aceaar P 85af bonus 1X 2.5 ', '2021-07-13 10:52:20.655573', 16),
(679, 9049, '2021-07-05', 2100, 45, '10 Powder Kabz End 110af , 10 Syp Ranidom O 100af ', '2021-07-13 10:54:36.942531', 16),
(680, 5386, '2021-07-04', 4750, 16, '50 Ecoxib 90mg 95af ', '2021-07-13 10:59:11.136843', 16),
(681, 1913, '2021-07-04', 4800, 24, '30 Zyclodex 20mg 125af ', '2021-07-13 11:01:11.383954', 16),
(682, 27046, '2021-07-04', 3127, 15, '50 Tab Asilix 250mg 69.48af ', '2021-07-13 11:03:50.355865', 16),
(683, 1236, '2021-07-14', 1710, 82, 'Shampo Ketacor Plus 190af ', '2021-07-15 10:53:55.552891', 16),
(684, 19484, '2021-07-15', 4500, 47, '60 Syp Sebcovit 100ml 75af ', '2021-07-17 11:14:15.098975', 16),
(685, 3620, '2021-07-15', 2850, 8, '10 Milk alpha 1 36$ ', '2021-07-17 11:21:15.892174', 16),
(686, 770, '2021-06-30', 3990, 90, '20 Drop V3 163af , 20 Tab Doloraid 60af ', '2021-07-17 11:24:49.483452', 16),
(687, 1961, '2021-07-15', 3810, 24, '30 Tab Z-Flox 500mg 127af ', '2021-07-17 12:17:59.957936', 16),
(688, 16693, '2021-07-10', 4880, 11, '40 Tab Lansor  122af ', '2021-07-17 12:19:17.943871', 16),
(689, 27477, '2021-07-14', 1783, 48, '20 Prekix sys 40ng/5ml 89.13af ', '2021-07-17 12:20:49.118489', 16),
(690, 5249, '2021-07-12', 2325, 98, '20 Syp Aricid suspension 125mg/5ml 116af ', '2021-07-17 12:25:24.603665', 16),
(691, 7219, '2021-07-05', 10879, 43, '35 slate 125 120af, 35 slate 250 184af', '2021-07-17 12:28:35.422298', 16),
(692, 1197, '2021-07-28', 7342, 8, '24 Alpha LF 305af ', '2021-07-28 12:50:32.134411', 16),
(693, 104, '2021-07-27', 5150, 77, '50 Drop Quik D 103af ', '2021-07-28 12:51:58.874964', 16),
(694, 150, '2021-07-27', 4350, 92, '30 Syrp Hematonic 145af ', '2021-07-28 12:55:17.873439', 16),
(695, 1933, '2021-07-27', 774, 37, 'Uresol Sachet 154.7af ', '2021-07-28 12:58:27.112607', 16),
(696, 50, '2021-07-27', 1750, 24, '50 Tab Zepaamol 500mg 35af', '2021-07-28 13:00:01.556966', 16),
(697, 953, '2021-07-27', 3244, 90, '20 V3 Drops 162.180af ', '2021-07-28 13:04:10.289668', 16),
(698, 1982, '2021-07-27', 9190, 94, '60 Susp Linzert 153af ', '2021-07-28 13:14:56.885282', 16),
(699, 25614, '2021-07-27', 2740, 95, '20 Tab Freehale 137af ', '2021-07-28 13:18:27.998579', 16),
(700, 23241, '2021-07-27', 4250, 23, '50 syp Becoactin 85af ', '2021-07-28 13:19:42.989390', 16),
(701, 1, '2021-07-27', 1497, 49, 'correction ', '2021-07-28 13:20:50.347278', 16),
(702, 6706, '2021-07-27', 2508, 5, '20 Sy Ferochel 100af 5 syp Procod 170af ', '2021-07-28 13:22:12.425866', 16),
(703, 5673, '2021-07-26', 6480, 16, '30 Ecoxib 90mg 95af , 30 Xcure Alm 95af , 10 syp Xcure M 78af ', '2021-07-28 13:29:34.012477', 16),
(704, 1719, '2021-07-26', 920, 38, '10 Tab Deeclo 115af ', '2021-07-28 13:30:43.538264', 16),
(705, 21570, '2021-07-24', 1377, 26, '20 Orazinc 20mg 68.850af ', '2021-07-28 13:35:54.072024', 16),
(706, 1013, '2021-07-24', 14000, 17, '50 Lanac Sp 175af , 30 Pantonest Dsr 175af ', '2021-07-28 13:37:39.625309', 16),
(707, 9254, '2021-07-18', 2280, 45, '10 kabz end 110af , 10 Ranidom o 116af ', '2021-07-28 13:41:55.451867', 16),
(708, 166, '2021-07-18', 1734, 21, '20 syp Cranil 87af ', '2021-07-28 13:47:20.561043', 16),
(709, 376, '2021-07-28', 5023, 86, '30 Syp Calsyn 78af , 30 syp synozyme 89af ', '2021-08-02 09:46:15.302690', 16),
(710, 9385, '2021-07-29', 1160, 45, '20 Drop Health ok  58af ', '2021-08-02 09:47:41.853098', 16),
(711, 15453, '2021-07-31', 8009, 53, '120 Syp Apsin 120ml 67af ', '2021-08-02 09:49:05.390507', 16),
(712, 5778, '2021-08-01', 2720, 16, '20 Syp B29 136af ', '2021-08-02 09:50:36.314085', 16),
(713, 19628, '2021-07-29', 1610, 47, '10 Tab Amlong A 161af ', '2021-08-02 09:58:13.995450', 16),
(714, 1, '2021-08-02', 1492, 80, 'correction ', '2021-08-02 10:21:40.457780', 16),
(715, 4267, '2021-07-17', 1900, 59, '20 Phariton Ginseng 95af ', '2021-08-02 10:31:34.137768', 16),
(716, 7013, '2021-07-15', 6375, 63, '10 Gebon Plus 637af ', '2021-08-02 10:33:07.949458', 16),
(717, 21482, '2021-07-17', 2534, 55, '30 Syp Preus 85af ', '2021-08-02 10:34:48.437295', 16),
(718, 1990, '2021-07-29', 21440, 24, '100 Cap Zesomed 110af, 30 zflox 500 127af, 30 Zyclodex  125af, 20 zoxime 400 144af, ', '2021-08-03 13:34:11.809584', 16),
(719, 13238, '2021-08-02', 3500, 28, '50 Wek D3 70af ', '2021-08-03 13:40:25.067826', 16),
(720, 106, '2021-08-04', 6280, 75, '50 Syp Ferup 200ml 125af ', '2021-08-05 13:10:54.416939', 16),
(722, 1577, '2021-03-08', 1800, 99, '10 athcobal p180af.', '2021-08-10 15:39:26.838921', 16),
(723, 185, '2021-07-30', 2550, 21, '20 sy semag plus p128af.', '2021-08-10 16:03:03.704659', 16),
(724, 5817, '2021-08-03', 2850, 16, '30 ecoxib 90Tab p95af.', '2021-08-10 16:07:58.432533', 16),
(725, 1, '2021-08-10', 740, 7, 'account correction ', '2021-08-10 16:10:26.152407', 16),
(726, 18276, '2021-08-20', 1560, 10, '30 sy femed 10mg p52af.', '2021-08-10 16:14:18.079554', 16),
(727, 3000, '2021-08-09', 7170, 20, '20 sy biokrol-D 120ml p96af. 5 supra gold-q10 p1050af.', '2021-08-10 16:20:10.884702', 16),
(728, 3049, '2021-08-08', 2400, 6, '20 metrosam Tab p120af.', '2021-08-10 16:21:43.825390', 16),
(729, 1975, '2021-08-08', 3927, 37, '5 for-fcos sachet p785af.', '2021-08-10 16:26:49.007558', 16),
(730, 9019, '2021-08-08', 2500, 84, '50 Tab asec 1mg p50af.', '2021-08-10 16:29:25.885457', 16),
(731, 21746, '2021-08-08', 1882, 26, '50 Myconil 30 ml drop p38af.', '2021-08-10 16:31:43.988940', 16),
(732, 105, '2021-08-08', 1800, 72, '20 alocid plus 200ml p 90af.', '2021-08-10 16:33:48.539671', 16),
(733, 19780, '2021-08-08', 2250, 47, '30 sy cypcovid100ml p75af.', '2021-08-10 16:40:27.220780', 16),
(734, 1817, '2021-08-07', 2300, 38, '20 Deeclo 100mg Tab p115af', '2021-08-10 16:43:20.330336', 16),
(735, 7262, '2021-08-07', 2907, 63, '50 s-flox 250mg Tab p58.140af.', '2021-08-10 16:47:39.500531', 16),
(736, 7258, '2021-08-05', 6375, 63, '10 Gebon Plus p637.510af.', '2021-08-10 16:51:18.067790', 16),
(737, 9497, '2021-08-07', 1180, 45, '10 ranidom o sus p118af.', '2021-08-10 16:52:44.743888', 16),
(738, 422, '2021-08-10', 3000, 30, 'balance correction bill amount 1350', '2021-08-10 16:56:14.182924', 16),
(739, 2987, '2021-08-07', 4630, 20, '10 Flyx-f Tab p173af. 50 ramalex drop 20ml p58af.', '2021-08-10 17:02:44.459788', 16),
(740, 515, '2021-08-05', 5500, 100, '100 calciquick d3 p55af. bonus 200 free ', '2021-08-10 17:13:35.422196', 16),
(741, 78, '2021-08-10', 2720, 101, '20 Tab Ceftax 200mg p100af. 12 Gastrogect p60af.', '2021-08-10 18:28:42.620501', 18),
(742, 1361, '2021-08-11', 1710, 82, '10 KETACOR PLUS SHAMPO P190AF.', '2021-08-11 16:26:27.967369', 18),
(743, 3544, '2021-08-11', 4608, 102, '6 TAB FLAKON 150MG P410AF.\r\n20 INJ ZYTIN P140AF.', '2021-08-11 16:37:07.062778', 18),
(744, 3544, '2021-08-11', 4608, 102, '6 TAB FLAKON 150MG P410AF.\r\n20 INJ ZYTIN P140AF.', '2021-08-11 16:37:07.145720', 18),
(746, 69, '2021-08-11', 1770, 102, '10 SY DEFSA 200ML P95AF.\r\n10 SUS ULCOZY-0 P82AF.', '2021-08-11 16:38:48.418044', 18),
(747, 44, '2021-08-11', 748, 5, '5 SY PROCOD P170AF.', '2021-08-11 17:22:23.665321', 18),
(748, 44, '2021-08-11', 748, 5, '5 SY PROCOD P170AF.', '2021-08-11 17:22:23.702473', 18),
(749, 28390, '2021-08-12', 16230, 48, '50 sus Cefalor 125mg p105.11af. \r\n50 sus cefalor 250mg p183.82af.\r\n20 sus prelox 40mg/5ml p89.13af.', '2021-08-14 12:20:48.862701', 18),
(750, 2035, '2021-08-10', 3810, 24, '30 Tab Z-Flox 500mg p127af.', '2021-08-14 12:23:03.167433', 18),
(751, 1623, '2021-08-14', 3122, 13, '20 tab dolium 10mg p124.582af.\r\n10 sus dolium 120ml p63.070af.', '2021-08-19 16:08:57.983419', 18),
(752, 104, '2021-08-21', 3540, 102, '20 defsea 95AF , 20 ulocozy o 82af ', '2021-08-21 16:57:11.547222', 18),
(753, 23604, '2021-08-21', 4250, 23, '50 Becoactin 85af ', '2021-08-21 17:01:02.375052', 18),
(754, 2029, '2021-08-21', 7800, 94, '50 linzirt 156 af', '2021-08-21 17:06:16.503503', 18),
(756, 6419, '2021-08-22', 900, 73, 'Nidazole ds120 ML susp', '2021-08-23 16:36:46.890413', 19),
(757, 19892, '2021-08-22', 4210, 47, 'apple Cweet sharbat 30 Ampncline Cap 5', '2021-08-23 16:40:59.805571', 19),
(759, 6030, '2021-08-22', 2000, 16, 'Rosuless F 10 /160 Tab/ Ecoxib 90 Tab', '2021-08-23 16:48:31.810047', 19),
(760, 6046, '2021-08-23', 2100, 16, 'ROsuless F 10 /160 TAb', '2021-08-23 16:49:36.932999', 19),
(761, 2063, '2021-08-22', 5710, 24, 'Zycolodex TAb 30 / Z-Cobal Tab 20', '2021-08-23 16:52:36.195516', 19),
(762, 1153, '2021-08-25', 1750, 17, 'FLanac-sp Tab/10', '2021-08-26 09:20:20.476132', 19),
(763, 1951, '2021-08-24', 1912, 87, 'Gin Xtra Tablet/5', '2021-08-26 09:23:24.600014', 19),
(765, 4898, '2021-08-23', 1000, 59, 'Cecoxibe 200 Mg Cap 100 Af', '2021-08-26 09:28:01.163070', 19),
(766, 217, '2021-08-24', 867, 21, '10/ Cranil syp 86 af', '2021-08-26 09:30:17.485188', 19),
(767, 9631, '2021-08-24', 1100, 74, '10 Kabz END /110 AF', '2021-08-26 09:33:36.033317', 19),
(769, 1160, '2021-08-28', 2130, 17, '30 Flanac-p sus/71afg', '2021-08-30 15:30:03.408293', 0),
(770, 1160, '2021-08-28', 2130, 17, '30 Flanac p sus/71 afg', '2021-08-30 15:31:47.135715', 0),
(771, 1160, '2021-08-28', 2130, 17, '30 Flanac p sus /71 afg', '2021-08-30 15:34:34.914914', 19),
(772, 18464, '2021-08-30', 2800, 10, '10 Dexwell 60mg cap/280 afg', '2021-08-30 15:37:27.392889', 19),
(774, 1770, '2021-08-29', 6211, 29, '30 ceero drops 7.5 ml 207 afg', '2021-08-30 15:44:16.077916', 19),
(775, 6117, '2021-08-29', 1900, 16, '20 Ecoxib 90 Tab/95 afg', '2021-08-30 15:46:27.457029', 19),
(776, 2390, '2021-08-23', 2330, 68, '10 Confem -D Tab /233/afg', '2021-08-30 15:50:07.702952', 19),
(777, 18471, '2021-08-31', 1040, 10, '20 FEMED 10 Mg syp/52 af', '2021-09-01 09:23:30.488419', 19),
(778, 4995, '2021-08-31', 1430, 59, ' 5 Calcitra cap/90 Afg\r\n10 phariton Ginseng cap/98 afg', '2021-09-01 09:28:23.374323', 19),
(780, 649, '2021-08-31', 2050, 8, '6 Alpha 3.8 $', '2021-09-01 09:42:27.391557', 19),
(781, 2013, '2021-09-01', 800, 37, '5 URESOL SACHET 160 AG', '2021-09-02 10:39:41.232710', 19),
(782, 1941, '2021-09-01', 2300, 38, '20 DEECLO 100 Mg TAB 115AF', '2021-09-02 10:42:59.919102', 19),
(783, 134, '2021-09-01', 748, 5, '5 PROCOD SYRUPS 170 AF', '2021-09-02 10:49:30.396509', 19),
(784, 2101, '2021-09-02', 4720, 24, '20 zesomed 40mg/cap 110\r\n 10 zesomed 20mgcap/90\r\n10 z-Flox 500 Mg tab/127\r\n 10 zepamol 500 mg tab /35', '2021-09-04 10:34:57.759228', 19),
(785, 7514, '2021-09-01', 3187, 63, '5 GEBON PLUS /637 AFG', '2021-09-05 09:18:31.703373', 19),
(786, 2775, '2021-09-01', 4118, 36, '20 perg 50 Mg tab/115afg\r\n20 cozim drop 101 afg', '2021-09-05 09:24:52.123637', 19),
(788, 2112, '2021-09-06', 5500, 24, '50 zesomed 40 Mg/110 afg', '2021-09-07 09:31:36.372134', 19),
(789, 6223, '2021-09-06', 4620, 16, '20 B29syrup/ 136 afg\r\n20 Ecoxib Tab /95 afg', '2021-09-07 09:34:34.400350', 19),
(790, 812, '2021-09-06', 3350, 81, '50 BIOZIN SYP/67 AFG', '2021-09-07 09:37:30.224683', 19),
(791, 207, '2021-09-05', 1394, 102, '20 ULCOZY-O SUPENSION /82 AFG', '2021-09-07 09:41:48.284033', 19),
(792, 358, '2021-09-07', 2250, 47, '30 cypcovet/ 75 afg', '2021-09-08 09:20:25.073532', 19),
(793, 3238, '2021-09-07', 2400, 6, '20 Metrosam tab/120 afg', '2021-09-08 09:22:59.183679', 19),
(795, 1694, '2021-09-07', 2538, 13, '20 DOLIUM TAB 126 afg', '2021-09-08 09:28:04.970483', 19),
(796, 1463, '2021-09-08', 1710, 82, '10 Ketacor plus shampo /190 afg', '2021-09-11 10:08:42.121667', 19),
(797, 9777, '2021-09-08', 1710, 45, '20 HEAL TH OK DROP 58 /AFG\r\n5 KABZ END 110 /AFG', '2021-09-11 10:15:33.482295', 19),
(799, 6245, '2021-09-08', 1560, 16, '20 xcure -M syrup /78 afg', '2021-09-11 10:25:31.626601', 19),
(800, 20098, '2021-09-09', 3220, 47, '20 AmLong -a/161 afg', '2021-09-11 10:28:41.045439', 19),
(801, 20087, '2021-09-08', 3125, 47, '25 midyat syp /125 afg', '2021-09-11 10:30:47.474116', 19),
(802, 2126, '2021-09-09', 3810, 24, 'z-flox 500mg tab/127 afg', '2021-09-12 09:38:06.264317', 19),
(803, 18613, '2021-09-09', 5600, 10, '20 Dexwell 60 mg cap /280 Afg', '2021-09-12 09:40:52.647682', 19),
(804, 2134, '2021-09-11', 1800, 24, '20 zesomed 20 mg/90 afg', '2021-09-13 09:42:57.902131', 19),
(805, 6295, '2021-09-12', 3050, 16, '20 Rosuless F10/ 105/afg\r\n10 Ecoxib 90 tab/95 afg', '2021-09-13 09:45:53.452236', 19),
(806, 214, '2021-09-12', 2512, 75, '20 ferup syp/125 afg', '2021-09-13 09:49:35.245112', 19),
(807, 7617, '2021-09-12', 5389, 63, '5 GEBON PLUS /637 AFG\r\n20 NT TOX DRY SUSPENSION /51 AFG\r\n 20 S-FLOX250 MG TAB/58AFG ', '2021-09-13 09:55:51.942187', 19),
(808, 5275, '2021-09-12', 1780, 85, '20 LEVO SYP/89 AFG', '2021-09-13 10:00:51.744081', 19),
(809, 251, '2021-09-12', 5227, 102, '50 ULCOZY-O SUPENSION/82 AFG\r\n5 FLANKON 150 MG/410 AFG', '2021-09-13 10:04:41.624418', 19),
(810, 3118, '2021-09-12', 2900, 20, '50 RAMALEX DROP20 ML /58AFG', '2021-09-13 10:07:07.227084', 19),
(811, 5309, '2021-09-13', 1880, 59, '10 Calcitra Cap /90 afg\r\n10 phariton Ginseng/ 98 afg', '2021-09-14 10:18:15.697689', 19),
(812, 170, '2021-09-12', 1020, 65, '20 tam max 0.4 mg cap/ 51 afg', '2021-09-14 10:30:15.648017', 19),
(813, 2148, '2021-09-14', 700, 24, '20 Zepamol 500 mg /35', '2021-09-15 13:19:44.324600', 19),
(814, 5829, '2021-09-14', 2325, 98, '20 Aricid suspension 125mg/116 afg', '2021-09-15 13:40:43.222895', 19),
(815, 6526, '2021-09-14', 1000, 73, '20 NIDAZOLE DS120 ML SUSP/50 AFG', '2021-09-15 13:46:06.909006', 19),
(816, 1246, '2021-09-14', 4260, 17, '6O FLANAC-P SUS /71 AFG', '2021-09-15 13:49:24.129059', 19),
(817, 37262, '2021-09-12', 1100, 103, '10 Ciproxin 250mg Tab/110 afg', '2021-09-15 13:56:34.676363', 19),
(818, 6411, '2021-09-19', 1900, 16, '20 Ecoxib 90 tab 95 afg', '2021-09-20 09:20:12.169317', 19),
(819, 3040, '2021-09-18', 5460, 32, '20 Tilmezide tab 105 afg\r\n20 painofec c tab 168 afg', '2021-09-20 09:23:28.928338', 19),
(820, 37345, '2021-09-18', 1973, 103, '5 Gravibinan 91 afg\r\n12 progyluton tab 126 afg', '2021-09-20 09:26:14.602381', 19),
(821, 154, '2021-09-18', 1400, 77, '20 quik D Drop 70 afg', '2021-09-20 09:28:03.104154', 19),
(822, 18740, '2021-09-19', 5600, 10, '20 DEXWELL 60 MG CAP 280 afg', '2021-09-20 09:29:45.897641', 19),
(823, 2160, '2021-09-16', 6630, 24, '12 zyclodex 20 mg tab 125 Afg\r\n18 zyclodex 20 mg tab 125 Afg\r\n20 ZOXIME 400 MG CAP 144 AFG', '2021-09-20 09:33:08.874835', 19),
(824, 9852, '2021-09-18', 1730, 45, '5 kABZ END 110 afg\r\n10 Ranidom O suspension 118 afg', '2021-09-20 09:36:01.496920', 19),
(825, 2083, '2021-09-17', 2543, 94, '5 MYSITOL SACH 317 AFG \r\n5 MPAUSE 75 MG TAB 317 AFG', '2021-09-20 09:38:41.225643', 19),
(826, 9081, '2021-09-19', 1940, 84, '22 SECNIDAZLOLE 500 MG /45 AFG\r\n19 SECNIDAZLOLE 1 GM /50 AFG', '2021-09-20 10:00:32.259618', 19),
(827, 1636, '2021-09-20', 3600, 99, '20 Athcobal /180 afg', '2021-09-20 14:58:16.404640', 19),
(828, 1203, '2021-09-29', 3995, 8, '12 alpha LF 46$ converted to afghani Dollor Rate 86 equals to 3995af ', '2021-09-21 10:03:01.353316', 19),
(829, 11006, '2021-09-21', 3835, 80, '10 Amper 5/8 mg Tab/117 afg\r\n10 Cofnext Kids 120Ml syp /114 afg\r\n20 GLiMIN TAB  85/ afg', '2021-09-22 09:23:25.875167', 19),
(830, 6460, '2021-09-21', 1050, 16, '10 Rosuless F 10/160 TAb  /105 afg', '2021-09-22 09:54:09.037821', 19),
(831, 2187, '2021-09-21', 5500, 24, '50 ZESOMED 40MG CAP / 110 AFG', '2021-09-22 09:58:47.567953', 19),
(832, 3148, '2021-09-21', 5750, 20, '10 Biokral D Syp 120 ML /96 afg\r\n 10 Biokral D Tab/ 239 afg\r\n10 Pregnalaz Tab /240 afg', '2021-09-22 10:04:10.844466', 19),
(833, 254, '2021-09-21', 2000, 5, '20 Ferychel syrups /100 afg\r\n', '2021-09-22 10:07:26.712095', 19),
(834, 24083, '2021-09-22', 4250, 23, '50 BecoActin 100 ml syp/85 afg', '2021-09-23 09:42:58.708068', 19),
(835, 20270, '2021-09-22', 4725, 47, '25 mediyat syp/125 afg\r\n 10 becoactin ds syp /160 afg', '2021-09-23 09:46:46.894134', 19),
(836, 1090, '2021-09-22', 4513, 90, '10 v3 drops 10ml/ 166\r\n10 Femol 499 mg tab/152 afg\r\n10 Monis 20mg/52 afg\r\n10 morning tab/78 afg', '2021-09-23 09:50:41.845494', 19),
(837, 245, '2021-09-21', 2549, 21, '20 Semag plus /127 afg', '2021-09-23 09:52:40.095550', 19),
(838, 1531, '2021-09-25', 1913, 57, '30 UROfast syrup /75 afg', '2021-09-26 10:32:11.063670', 19),
(839, 3192, '2021-09-25', 2600, 41, '20 Ceremin syrup/130 afg', '2021-09-26 10:34:27.431435', 19),
(840, 2937, '2021-09-25', 4118, 36, '20 Cozim Drop/101 afg\r\n20 Preg 50mg Tab /115 afg', '2021-09-26 10:36:46.297519', 19),
(841, 2157, '2021-09-23', 2300, 38, '20 Deelclo 100 mg TAB/115 afg\r\n', '2021-09-26 10:39:28.650930', 19),
(842, 3168, '2021-09-25', 10000, 20, '5 Supra Glod -Q10/1050 Afg\r\n5 Suora Gold -M /950 Afg', '2021-09-26 10:42:47.212301', 19),
(843, 22355, '2021-09-25', 5038, 55, '147/TERMIGEN 250 Mg /57 afg', '2021-09-26 10:45:02.760688', 19),
(844, 2106, '2021-09-25', 1271, 94, '8 LINEZERT 100MG SUSP/158AFG', '2021-09-27 09:37:57.720060', 19),
(845, 1313, '2021-09-27', 18350, 17, '50 Flanac-sp tab /175 afg\r\n 50 pantonest dsr cop/175 afg\r\nEstorinest 90 mg tab/ 145 afg', '2021-09-28 10:09:29.267668', 19),
(846, 1117, '2021-09-27', 3274, 90, '20 v3 drops 10 Ml /163 afg', '2021-09-28 10:20:14.782815', 19),
(847, 9996, '2021-09-27', 990, 45, '9 kabz End /110 afg', '2021-09-28 10:32:42.047323', 19),
(848, 2209, '2021-09-26', 1800, 24, '20 Zesomed 20 Mg cap/ 90 afg', '2021-09-28 10:35:42.918300', 19),
(849, 7598, '2021-09-27', 1580, 25, '10 Prolex /158 afg', '2021-09-28 10:39:53.827371', 19),
(850, 270, '2021-09-27', 2512, 75, '20 Feruf 200 Ml syrup /125 afg', '2021-09-28 10:45:00.325603', 19),
(851, 306, '2021-09-28', 1000, 5, '10 Ferychel syrups / 100 afg', '2021-09-28 15:40:39.007687', 19),
(852, 1890, '2021-09-29', 5879, 29, '30 CEERO DROPS 7.5 mL /`195AFG', '2021-09-30 16:29:43.489815', 19),
(853, 2119, '2021-09-28', 1907, 94, '12 LINEZERT 100MG SUSP/158AFG', '2021-09-30 16:31:49.489328', 19),
(854, 20372, '2021-09-30', 4500, 47, '60 swbcovit 100 Ml Syp/75afg', '2021-09-30 16:35:27.560474', 19),
(855, 2126, '2021-10-03', 3179, 94, '20 Linzert 100 Mg susp/158 afg', '2021-10-04 10:12:30.058607', 19),
(856, 2988, '2021-10-03', 1818, 36, '20 Cozim Drop/ 101 Afg', '2021-10-04 10:14:15.774001', 19),
(857, 1787, '2021-10-05', 1841, 13, '10 Dolium tab 100 Mgl122 afg\r\n10 dolium susp 120 Ml/61 afg', '2021-10-06 09:16:16.877292', 19),
(858, 9119, '2021-10-05', 1020, 84, '30 Loraftidine 10 mg/34 afg', '2021-10-06 09:19:04.275282', 19),
(859, 20426, '2021-10-05', 4000, 47, '32 Mediyat syp/125 afg', '2021-10-06 09:24:20.275932', 19),
(860, 2256, '2021-10-05', 7050, 24, '50 Z FLox 500 Mg Tab/127 afg\r\n20 ZEPamol500 Mg tab/ 35', '2021-10-06 09:27:38.167642', 19),
(861, 302, '2021-10-05', 2512, 75, '20 FERUf 200 ML Syrup/125 afg', '2021-10-06 09:30:05.828838', 19),
(862, 356, '2021-10-05', 950, 5, '10 LivoGARD SYRUPS/95 afg', '2021-10-06 09:34:11.879112', 19),
(863, 347, '2021-10-04', 2000, 5, '20 Ferychel syrups/ 100 afg', '2021-10-06 09:35:46.144988', 19),
(864, 13543, '2021-10-04', 8500, 28, '50 Cyproheptadine /170 afg', '2021-10-06 09:38:37.865928', 19),
(865, 893, '2021-10-05', 2000, 48, '20 Cefalor/100 afg', '2021-10-06 09:42:56.169386', 19),
(866, 389, '2021-10-04', 807, 102, '10 DEFESA 200ML syrup/95 afg', '2021-10-06 09:51:42.699729', 19),
(867, 2148, '2021-10-04', 722, 87, '10 Actilife syruo/72 afg', '2021-10-06 09:54:24.670057', 19),
(868, 36, '2021-10-05', 1020, 65, '20 Tam Max 0,4Mg cap/85 afg', '2021-10-06 09:56:30.399502', 19),
(869, 2263, '2021-10-06', 2200, 24, '20 zesomed 40Mg Cap/110 afg', '2021-10-07 09:34:59.234914', 19),
(870, 2248, '2021-10-06', 1150, 38, '10 Deeclo 100 Mg tab/115 afg', '2021-10-07 09:36:38.112541', 19),
(871, 3213, '2021-10-06', 2900, 20, '50 Ramalex Drop 20ML/ 58 afg', '2021-10-07 09:38:50.991184', 19),
(872, 7981, '2021-10-07', 2497, 63, '20 EFECIP 125 MG/5 ML/ 45AFG\r\n20 EFECIP DRY SUSP/79 AFG', '2021-10-10 08:48:19.884488', 19),
(873, 7964, '2021-10-06', 3188, 63, '5 GEBON PLUS /637 afg', '2021-10-10 08:52:08.901503', 19),
(874, 6744, '2021-10-09', 880, 16, '10 Xcure -M syrp/ 88 afg', '2021-10-10 08:54:44.188143', 19),
(875, 3467, '2021-10-09', 2400, 6, '20 Metrosam Tab /120 afg', '2021-10-10 08:56:55.931869', 19),
(876, 1163, '2021-10-07', 2432, 90, '15 V3 Drops 10Ml/162 afg', '2021-10-10 08:59:00.685078', 19),
(877, 1670, '2021-10-07', 1800, 99, '10 ATHCOBAL/180 afg', '2021-10-10 09:18:15.817459', 19),
(878, 854, '2021-10-06', 1346, 88, '20 Lacenac 100 Mg Tab/67 afg', '2021-10-10 09:27:22.727519', 19),
(879, 2268, '2021-10-07', 1500, 24, '10 Zibex 200 Mg Cap/150 afg', '2021-10-10 09:29:23.698908', 19),
(880, 7654, '2021-10-09', 4260, 25, '10 Callgi cap/426 afg', '2021-10-10 09:31:33.858707', 19),
(881, 1300, '2021-10-09', 4100, 8, '5 Alpha 2 /15$\r\n6 ALpha LF /23 $\r\n3 Alpha cirilac 7.5 $', '2021-10-10 09:36:02.863586', 19),
(882, 2288, '2021-10-10', 2200, 24, '20 Zesomed 40 mgcap/110 afg', '2021-10-11 09:28:18.984653', 19),
(883, 2158, '2021-10-10', 3200, 37, '20 Uresol plus cap/ 160 afg', '2021-10-11 09:31:01.748723', 19),
(884, 5935, '2021-10-10', 1880, 59, '10 Calcitra cap/ 90 afg\r\n10 Phartion  Ginseng cap/ 98 afg', '2021-10-11 09:37:40.680114', 19),
(885, 24375, '2021-10-11', 1700, 23, '20 Becoaction 100 M Sus/ 85 afg', '2021-10-11 16:34:43.352053', 19),
(886, 3034, '2021-10-11', 5050, 36, '50 Cozim Drop /101 afg ', '2021-10-11 16:36:46.609762', 19),
(887, 6782, '2021-10-11', 3150, 16, '10 Rosulees F 10/160 tab/ 105 Afg\r\n20  xcure Alm Tab /105 Afg ', '2021-10-11 16:44:42.590273', 19),
(888, 440, '2021-10-11', 1045, 102, '3 Flankon 150 Mg/410 Afg', '2021-10-11 16:49:07.765449', 19),
(889, 1177, '2021-10-12', 594, 90, '10 Doloraid Tab/ 59 Afg', '2021-10-14 10:16:16.094296', 19),
(890, 13614, '2021-10-12', 19800, 28, '100 Nova Power plus 170afg\r\n40 Wek D3 /70 afg ', '2021-10-14 10:18:51.090736', 19),
(891, 130, '2021-10-13', 2400, 101, '24 Ceftax Tab 200 Mg/100 Afg', '2021-10-14 10:21:34.002485', 19),
(892, 2310, '2021-10-16', 2730, 32, '10 TILMEZIDE TAB/ 105 AFG\r\n10 PAINOFEC C TAB/ 168 AFG', '2021-10-17 09:12:35.364190', 19),
(893, 20631, '2021-10-16', 3920, 47, '10 AMPINCLINE  500 CAP/392 AFG', '2021-10-17 09:17:56.150099', 19),
(894, 11134, '2021-10-16', 2150, 80, '20 COFNEXT KIDS 120 mL SYP/ 114 AFG', '2021-10-17 09:21:34.291129', 19),
(895, 2315, '2021-10-17', 2200, 24, '20  Zesomed 40 mg cap/ 110 afg', '2021-10-18 09:21:33.716477', 19),
(896, 1832, '2021-10-17', 1877, 13, '10 Dolium tab 10 mg/ 124 afg\r\n10  Dolium susp 120 ml 140/ 63 afg', '2021-10-18 09:26:57.867689', 19),
(897, 345, '2021-10-16', 3768, 75, '30 FeruF 200 Ml syrup/ 125 afg', '2021-10-18 09:32:06.779194', 19),
(898, 491, '2021-10-17', 2091, 102, '30 ULCOZY -O SUSPEN/ 82 AFG', '2021-10-18 09:36:20.057611', 19),
(899, 3256, '2021-10-18', 11450, 20, '10 Bioena -c syp/ 145 afg\r\n5 supra Gold Q10 / 1050 afg\r\n5 supra Gold-M 950 afg\r\n', '2021-10-20 09:50:07.200917', 19),
(900, 2322, '2021-10-21', 5400, 24, '20 Zwsomed 40Mg cap/110 afg\r\n20 zyclodex 20 Mg Tab/125 afg\r\n15 Zepamol 500 mg Tab/ 35 afg\r\n5  Zepamol 500 mg Tab/ 35 afg', '2021-10-23 14:35:12.478169', 19),
(901, 1224, '2021-10-20', 2433, 90, '15 V3 Drop 10 Ml/ 162 afg', '2021-10-23 14:36:57.968065', 19),
(902, 13696, '2021-10-23', 2800, 28, '40 WEK D3 CAP', '2021-10-23 14:38:39.813276', 19),
(903, 1423, '2021-10-24', 5630, 17, '30 Flanac -P Sus /71 Afg\r\n20 Flanc-sp TAb/ 175 Afg', '2021-10-24 11:56:14.247252', 19),
(904, 6210, '2021-10-23', 1880, 59, '10 CALCITRA CAP/ 90 afg\r\n10 Phariton Genseng CAP/ 98AFG', '2021-10-24 11:59:06.294031', 19),
(905, 24536, '2021-10-24', 4250, 23, '50 Becoacten sus/85afg', '2021-10-25 09:12:52.988097', 19),
(906, 6982, '2021-10-24', 3860, 16, '10 Xcure-ALM TAb/105 afg\r\n10 Rosuless F 10/160 Tab/105 afg\r\n10 Xcure-M Syrup/88 afg', '2021-10-25 09:17:49.366789', 19),
(907, 1679, '2021-10-21', 1710, 82, '10 KETACOR Plus SHampo /190 AFG', '2021-10-25 09:21:52.368813', 19),
(908, 507, '2021-10-24', 1576, 5, '8 Procod Syrups/197afg', '2021-10-25 09:26:44.820498', 19),
(909, 20731, '2021-10-24', 4500, 47, '60 sypcovit  syrup/ 75afg', '2021-10-25 09:29:18.108118', 19),
(910, 2341, '2021-10-25', 2200, 24, '20 Zesomed  40 Mg cap/ 110 afg', '2021-10-26 09:42:35.066939', 19),
(911, 3264, '2021-10-25', 1050, 32, '10 TILMEDZIE Tab/ 105 Afg', '2021-10-26 09:45:11.621600', 19),
(912, 3481, '2021-10-25', 2900, 8, '3 ALpha N1 9$ \r\n6 ALpha Lf 23 $', '2021-10-26 09:50:25.715305', 19),
(913, 2263, '2021-10-26', 3213, 37, '20 URESOL PLUS CAP/ 160 afg', '2021-10-27 09:16:35.544598', 19),
(914, 20770, '2021-10-26', 765, 47, '5 Neruo Gold syrup/ 153 afg', '2021-10-27 09:28:08.439238', 19),
(915, 549, '2021-10-26', 1045, 102, '3 FLANKON 150 Mg/410 afg', '2021-10-28 15:45:27.637969', 19),
(916, 8407, '2021-10-27', 5873, 43, '2 Salate 125Mg/%Ml sus 60Ml/111afg\r\n20 Salate 125Mg/%Ml sus 60Ml /111afg\r\n20 Salate 250Mg/%Ml sus 60Ml/ 171afg', '2021-10-28 15:52:43.688249', 19),
(917, 3648, '2021-10-28', 3600, 6, '30 Metrosam Tab/120afg', '2021-10-28 15:56:50.580431', 19),
(918, 2358, '2021-10-28', 2200, 24, '20 ZEsomed 40 Mg/110afg', '2021-10-28 16:15:59.217430', 19),
(919, 13732, '2021-10-27', 2800, 28, '40 WEK D3 Cap/70 afg', '2021-10-28 16:17:33.210708', 19),
(920, 2210, '2021-10-31', 3179, 94, '20 Linezert 100 Mg susp/158afg', '2021-11-01 09:18:41.598258', 19),
(921, 662, '2021-10-31', 5023, 86, '30 CAlsyn 200 Ml syp/ 78 afg\r\n30 synozyme 200 Ml syp/ 89 afg', '2021-11-01 09:21:41.384180', 19),
(922, 2367, '2021-10-31', 6230, 24, '20 zesomed 40 mg CAp/ 110 afg\r\n20 zesomed 20 Mg Cap/ 90 afg\r\n10 zyclodex 20 Mg Tab 125 afg\r\n 10 Z-cobal 500 Mg Mcg Tab/ 98 afg', '2021-11-01 09:27:30.483873', 19),
(923, 10407, '2021-10-30', 1300, 45, '10 Mankind Kabz end/130 afg', '2021-11-01 09:33:32.721288', 19),
(924, 7752, '2021-10-30', 1620, 25, '10 Prolex /162 afg', '2021-11-01 09:40:12.750511', 19),
(925, 30972, '2021-10-30', 1919, 60, '10 Esso Cap/ 201 AFG', '2021-11-01 09:43:48.505959', 19),
(926, 20774, '2021-10-27', 12432, 47, '84 ETOCOXIB 90 TAB/148AFG', '2021-11-01 09:48:54.536298', 19),
(927, 30311, '2021-11-01', 1190, 14, '5 Oxoferin solution /238 Afg', '2021-11-02 09:25:01.815429', 19),
(928, 8474, '2021-11-01', 3940, 43, '20 SLate  125 Mg /5ML/ sus60 Ml/111afg\r\n10 20 SLate  250 Mg /5ML/ sus60 Ml /171 AFG', '2021-11-02 09:28:24.485398', 19),
(929, 2297, '2021-11-02', 803, 37, '5 Bio MaLt TAb/160 AFG', '2021-11-03 09:48:36.582183', 19),
(930, 37848, '2021-11-02', 1168, 103, '10 Ciproxin 250Mg/ tab / 116afg', '2021-11-03 09:53:55.388003', 19),
(932, 2406, '2021-11-06', 1100, 24, '10 ZEsomed 40 Mg cap/110 afg', '2021-11-07 09:22:43.068454', 19),
(933, 6532, '2021-11-04', 980, 59, '10 Phariton GINSENG  cap/ 98afg', '2021-11-07 09:35:21.124698', 19),
(934, 13757, '2021-11-02', 2800, 28, '40 WEK D3 n cap/ 70 afg', '2021-11-07 09:41:24.474594', 19),
(935, 5721, '2021-11-02', 2252, 96, '10 SAFETELMI AM/ 225AFG', '2021-11-07 09:47:05.955383', 19),
(936, 2396, '2021-11-03', 9250, 24, '50 Z-FLOX 500MG TAB/127AFG\r\n20 ZESOMED 40 MG CAP/110 AFG \r\n20 ZEPAMOL 500 MG TAB', '2021-11-07 09:55:05.198886', 19),
(937, 11257, '2021-11-03', 1083, 80, '10 COFNEXT KIDS 120 ML SYP 114AFG', '2021-11-07 10:06:34.107634', 19),
(938, 3163, '2021-11-03', 2300, 36, '20 preg 50 MG TAB/ 115AFG', '2021-11-07 10:14:05.980098', 19),
(939, 292, '2021-11-01', 1274, 21, '10 SEMAG PLUS/127AFG', '2021-11-07 10:17:59.370691', 19),
(940, 7136, '2021-11-03', 3025, 16, '10 XCURE -ALM TAB/105AFG\r\n5 Tenebite M tab/395 afg', '2021-11-07 10:20:44.034233', 19),
(941, 10443, '2021-11-02', 2600, 45, '20 Kabz ENd/ 130afg', '2021-11-07 10:38:40.362951', 19),
(942, 19368, '2021-11-02', 5600, 10, '20 DEXWEEL 60 MG CAP/280 AFG', '2021-11-07 10:45:11.739939', 19),
(943, 1894, '2021-11-02', 1838, 13, '10 DOLIUM TAB 300/ 135AFG\r\n10 DOLIUM SUSP/ 120 ML/ 48 AFG', '2021-11-07 10:47:59.482890', 19),
(944, 6836, '2021-11-03', 500, 73, '10 NIDAZOLE DS 120 M;SUS/ 50AFG', '2021-11-07 11:46:14.314705', 19),
(945, 10463, '2021-11-07', 2720, 45, '10 Mahagaba M75 CAP/ 340 afg', '2021-11-08 10:59:28.939373', 19),
(946, 2311, '2021-11-04', 3213, 37, '20 Uresol Plus cap/ 160 afg', '2021-11-08 11:02:05.733336', 19),
(947, 1476, '2021-11-07', 1420, 17, '20 FLANAC -P sus /71 afg', '2021-11-08 11:05:47.829732', 19),
(948, 316, '2021-11-08', 433, 21, '5 sranil syp /86 afg', '2021-11-09 11:20:19.873435', 19),
(950, 20924, '2021-11-08', 3420, 47, '20 Amoldipine /171 afg', '2021-11-09 11:25:05.450980', 19),
(951, 2414, '2021-11-08', 2200, 24, '20 zesomed 40 Mg cap/ 110afg', '2021-11-09 11:29:11.440198', 19),
(952, 7218, '2021-11-08', 2980, 16, '20 Rosulees F 10/ 160 tab/105 afg\r\n10 Xcure M syrup/ 88 afg', '2021-11-09 11:32:20.933176', 19),
(953, 3380, '2021-11-09', 780, 32, '10 MONTIPIN Syrup/78 afg', '2021-11-10 09:29:43.561885', 19),
(954, 6678, '2021-11-09', 1000, 59, '10 Phariton Genseng cap/100afg', '2021-11-10 09:36:08.755207', 19),
(955, 1918, '2021-11-09', 973, 13, '20 Dolium susp 120Ml/48 afg', '2021-11-10 09:38:39.697441', 19),
(956, 13790, '2021-11-09', 1400, 28, '20 WEK D3 /70 afg', '2021-11-10 09:40:18.873911', 19),
(957, 8594, '2021-11-09', 2825, 43, '10  SALTE 125MG//5ML SUS/111AFG\r\n10 SALTE 250 MG /5MLSUS/ 171 AFG', '2021-11-10 09:43:26.004185', 19),
(958, 1497, '2021-11-11', 1860, 17, '10 Flanac-sp TAb/ 186afg', '2021-11-11 09:53:40.602537', 19),
(959, 3321, '2021-11-10', 2390, 20, '10 Biokrol-d tab/239afg', '2021-11-11 09:58:46.640382', 19),
(960, 3244, '2021-11-14', 1818, 36, '20 Cozim drop/101afg', '2021-11-15 09:06:13.879939', 19),
(961, 3244, '2021-11-14', 1818, 36, '20 Cozim drop/101afg', '2021-11-15 09:06:13.998259', 19),
(962, 2445, '2021-11-14', 2350, 24, '10 Zesomed 40 mg cap/ 110afg\r\n10 zycloex 20 gm tab/ 125/afg', '2021-11-15 09:09:14.799837', 19),
(963, 9210, '2021-11-11', 306, 84, '10 LORAFTIDINE /34AFG', '2021-11-15 09:14:27.838555', 19),
(964, 8701, '2021-11-15', 2230, 43, '20 SALTE 125Mg /5M sus 60 ML/ 111afg', '2021-11-16 09:34:01.280302', 19),
(965, 454, '2021-11-15', 1256, 75, '10 FERUF 200 ML SYRUP/ 125AFG', '2021-11-16 09:36:29.815793', 19),
(966, 7832, '2021-11-15', 1620, 25, '10 Prolex 162 afg', '2021-11-16 09:41:58.956725', 19),
(967, 2450, '2021-11-15', 350, 24, '10 Zepamol 500 Mg/ 35 afg', '2021-11-16 10:04:52.260106', 19),
(968, 52, '2021-11-15', 2508, 87, '5 GIN-XRA tab/ 382 afg\r\n5 LEPLIN TAB/148 AFG', '2021-11-16 10:06:52.342647', 19),
(969, 3343, '2021-11-15', 1160, 20, '20 Ramalex Drop 20 ML/ 58 afg', '2021-11-16 10:10:03.092460', 19),
(970, 2370, '2021-11-17', 3693, 37, '5 BIO MALT TAB/ 151 afg\r\n10 Uresol Plus cap/ 151 afg\r\n2 For Fcos SAchet 714 afg', '2021-11-18 09:21:08.877585', 19),
(971, 2461, '2021-11-17', 2200, 24, '20 Zesomed 40,mg/ 110 afg', '2021-11-18 09:25:50.228027', 19),
(972, 7355, '2021-11-17', 1050, 16, '10 Rosuless F 10/160 Tab/105 afg', '2021-11-18 09:30:07.346745', 19),
(973, 18211, '2021-11-16', 1082, 53, '20 Dolet -3 inj /64afg', '2021-11-18 09:38:30.372288', 19),
(974, 1512, '2021-11-15', 5850, 17, '20 Flanac Sp TAB/ 186afg\r\n30 FLanac-P SUS/ 71 afg', '2021-11-18 09:41:10.588426', 19),
(975, 493, '2021-11-01', 2514, 107, '10 Kenzole tab/ 123 afg\r\n10 SITAVI TAb// 127 AFG', '2021-11-18 10:17:03.562150', 19),
(976, 1776, '2021-08-29', 6211, 108, '', '2021-11-18 10:26:06.561683', 19),
(977, 1890, '2021-09-29', 5879, 108, '', '2021-11-18 10:27:34.371183', 19),
(978, 1625, '2021-11-17', 1350, 19, '10 WIL -D 5000IU SOFOTGL / 135 AFG', '2021-11-18 10:58:26.804475', 19),
(979, 13853, '2021-11-16', 2800, 28, '40 WEK D3 /70 AFG', '2021-11-18 11:10:56.067228', 19),
(980, 1401, '2021-11-18', 2478, 90, '15 V3 Drops 10Ml /156 afg', '2021-11-20 09:33:04.077944', 19),
(981, 674, '2021-11-14', 1140, 5, '5 Procod syrups/ 228 afg', '2021-11-20 09:45:40.030747', 19),
(982, 674, '2021-11-14', 1140, 5, '5 Procod syrups/ 228 afg', '2021-11-20 09:45:40.221677', 19),
(984, 176, '2021-11-12', 1192, 26, '5 GALDROP D INJ 251AFG', '2021-11-20 10:01:26.222770', 19),
(985, 1527, '2021-11-02', 3620, 19, '10 D one 5000iu tab/ 362afg', '2021-11-20 11:41:49.444899', 19),
(987, 3856, '2021-11-20', 1200, 6, '10 Metrosam tab/120afg', '2021-11-21 09:11:55.085694', 19),
(988, 3856, '2021-11-20', 1200, 6, '10 Metrosam tab/120afg', '2021-11-21 09:11:55.241436', 19),
(989, 3244, '2021-11-14', 1818, 36, '20 Drop cozim101 afg', '2021-11-22 10:06:33.886293', 19),
(990, 723, '2021-11-21', 404, 102, '5 DEFESA 200 mL SYRUP /95 AFG', '2021-11-22 10:09:55.281421', 19),
(991, 5335, '2021-11-24', 2116, 8, 'Alpha 6 / 23$/ 352afg', '2021-11-22 16:31:27.370607', 16),
(992, 738, '2021-02-21', 9420, 96, 'ddr', '2021-11-29 15:35:00.159532', 16),
(993, 1749, '2021-12-18', 900, 99, '5 Athcobal /180afg', '2021-12-01 09:29:22.044673', 19),
(994, 5011, '2021-11-30', 1105, 61, '10 cLariza 250Mg tab/114afg', '2021-12-01 09:35:38.552227', 19),
(995, 2513, '2021-11-28', 5090, 24, '20 ZESomed 40 mg cap/110afg\r\n20 z-flox 500 mg tab/127afg\r\n10 zepamol500 Mg tab/35 afg', '2021-12-01 09:41:13.364142', 19),
(996, 2099, '2021-11-30', 4067, 108, '20 CEero Drop/ 203 afg', '2021-12-01 09:45:08.764241', 19),
(997, 2043, '2021-11-28', 1377, 13, '10 DoLium TAB /137 afg', '2021-12-01 09:52:15.635776', 19),
(998, 1470, '2021-11-28', 500, 90, '10 Monis 20 mg/50afg', '2021-12-01 09:55:46.597731', 19),
(999, 21092, '2021-11-23', 1530, 47, '10 Neuro GOLd syrup/153afg', '2021-12-01 10:01:29.496363', 19),
(1000, 11354, '2021-11-20', 2189, 80, '10 Cofnext Adult 120 Ml/syp/114afg\r\n10 Cofnext Kids 120 Ml/ 114 afg', '2021-12-01 10:04:31.976293', 19),
(1001, 824, '2021-11-30', 1640, 5, '5 FERYVHEL SYRUOP/ 100 AFG\r\n5 PROCOD SYRUP/ 228 AFG', '2021-12-02 09:36:02.140812', 19),
(1002, 435, '2021-12-05', 2200, 24, '20 Zesomed 40 mg Cap/ 110afg', '2021-12-05 15:44:39.658649', 16),
(1003, 1517, '2021-12-05', 1370, 90, '10 V3 Drops 10 Ml', '2021-12-06 09:48:27.751288', 19),
(1004, 10821, '2021-12-04', 1040, 45, '5 Kabz End /130 afg\r\n5 Ranidom o SUS/130 afg', '2021-12-06 09:51:15.862882', 19),
(1005, 1724, '2021-12-05', 1350, 5, '10 WIL D 5000IU SOFTGE /135AFG', '2021-12-06 09:58:46.472102', 19),
(1006, 13926, '2021-12-04', 1400, 28, '20 WEK D3 /70AFG', '2021-12-06 10:00:30.707981', 19),
(1007, 520, '2021-12-04', 1010, 75, '10 FERUF 200 ML SYRUP/ 125AFG', '2021-12-06 10:01:52.081714', 19),
(1008, 2322, '2021-12-04', 2543, 94, '15 LINEZERT 100 MG SUSP/ 158\r\n5 LINEZERT 100 MG SUSP/ 158', '2021-12-06 10:04:44.363728', 19),
(1009, 4135, '2021-12-04', 1190, 87, ' 10LEPLIN TAB/ 148', '2021-12-06 10:06:12.153382', 19),
(1010, 21240, '2021-12-05', 1036, 47, '20 ETROCA 90 TAB/ 148 AFG', '2021-12-06 10:09:31.862431', 19),
(1011, 8790, '2021-12-05', 1249, 63, '10 EFECIP 125 MG/ 45AFG\r\n10 EFECIP DRY SUSP/ 79AFG\r\n', '2021-12-06 10:11:55.428814', 19),
(1012, 3448, '2021-12-08', 909, 36, '10 Cozim drop/ 101afg', '2021-12-09 12:16:42.044723', 19),
(1013, 3441, '2021-12-08', 1160, 20, '20 Ramalex drop/ 58afg', '2021-12-09 12:17:53.193584', 19),
(1014, 448, '2021-12-08', 2200, 24, '20 zesomed cap 40 mg/ 110 afg', '2021-12-09 12:19:12.218560', 19),
(1015, 930, '2021-12-14', 1370, 5, '5 Procod syrup/ 247afg', '2021-12-15 10:06:50.854653', 19),
(1016, 21293, '2021-12-11', 6616, 47, '60 Sebcovit /93 afg\r\n20 Etrocia 90 tab/ 148 afg', '2021-12-15 10:13:20.221052', 19),
(1017, 2744, '2021-12-11', 1200, 38, '10 TELIH 40 MG TAB/ 150 AFG', '2021-12-15 10:19:29.158722', 19),
(1018, 1593, '2021-12-15', 780, 90, '5 v3 Drop 10 ML/ 183 afg', '2021-12-16 12:15:47.887707', 19),
(1019, 552, '2021-12-15', 1005, 75, '10 FERUF 200 mL SYRUP/ 125 AFG', '2021-12-16 12:22:04.382171', 19),
(1020, 2937, '2021-08-25', 1050, 32, '10 Telmizide 40 tab/ 105 afg', '2021-12-16 12:43:53.872138', 19),
(1021, 912, '2021-12-16', 1811, 102, '10 DEFSA 200 mL SYRUP 109 AFG\r\n10 ULCOZY -O SUSP/ 104 AFG', '2021-12-18 11:45:14.661054', 19),
(1022, 2496, '2021-12-15', 1424, 37, '10 URESOL PLUS CAP/ 178AFG', '2021-12-18 11:46:56.862173', 19),
(1023, 21347, '2021-12-19', 2415, 47, '10 Amlong A tab/ 199 afg\r\n5 cough Gone syrup/ 85 afg', '2021-12-20 09:40:03.088898', 0),
(1024, 7861, '2021-12-19', 2100, 16, '10 xcure Alm tab/ 105 afg\r\n10 Rosuless F 10/ ta/ 105 afg', '2021-12-20 09:43:42.874975', 19),
(1025, 2125, '2021-12-19', 738, 13, '5 Dolium tab 10 mg/ 147 afg', '2021-12-20 09:45:55.743692', 19),
(1026, 67, '2021-12-12', 1100, 24, '10 zesomed cap/ 110 afg', '2021-12-20 09:49:40.262564', 19),
(1027, 443, '2021-12-18', 2350, 24, '10 zesomed 40 mg cap/ 110 afg\r\n10 zycoldex 20 mg  125 afg', '2021-12-20 09:51:55.694426', 19),
(1028, 66, '2021-12-19', 525, 24, '15 zepamol 500 mg/ 35 afg', '2021-12-20 09:53:35.674020', 19),
(1029, 2404, '2021-12-06', 1425, 109, '5 Femenex tab 285 afg', '2021-12-20 10:06:04.939995', 19),
(1030, 2251, '2021-12-15', 6150, 109, '10 vitagain tab/ 330 afg\r\n10 Femenex tab 285 afg', '2021-12-20 10:08:27.651250', 19),
(1031, 1571, '2021-12-09', 5910, 17, '30 Flanac p sus / 71 afg\r\n10  Flanac sp tab / 186 afg\r\n10 pantones dsr cap/ 192 afg', '2021-12-20 10:26:34.706150', 19),
(1032, 371, '2021-12-07', 890, 21, '7 semag plus / 127 afg', '2021-12-21 10:46:51.179708', 19),
(1033, 29933, '2021-10-20', 990, 48, '10 Cefalor 125 mg sus/ 99 afg', '2021-12-22 16:04:12.905276', 16),
(1034, 5350, '2021-12-21', 1169, 61, '10 CLARIZA 250 MG TAB/ 116AFG', '2021-12-25 09:40:46.487518', 19),
(1035, 69, '2021-12-21', 1100, 24, '10 zesomed 40 mg cap/ 110 afg', '2021-12-25 09:53:33.531560', 19),
(1036, 1779, '2021-12-18', 390, 19, '5 FABRUL 100 MG TAB/ 78AFG', '2021-12-25 09:56:09.923522', 19),
(1037, 2133, '2021-12-23', 1410, 13, '10 DOULIUM TAB 10MG/ 140AFG', '2021-12-25 10:02:17.822120', 19),
(1038, 9068, '2021-12-25', 1275, 63, '10 Larbith 125mg dry sus/127 afg', '2021-12-26 10:00:16.758884', 19),
(1039, 9188, '2021-12-25', 3642, 43, '10 slate 125 mg sus/ 124afg\r\n10 slate250 mg sus/ 191 afg\r\n5 azitma sus/  95 afg', '2021-12-26 10:07:36.028646', 19),
(1040, 2550, '2021-12-25', 3200, 37, '20 URESOL PLUS CAP/ 160AFG', '2021-12-26 10:09:37.212047', 19),
(1041, 21411, '2021-12-25', 888, 47, '20 ETROCIA 148 AFG', '2021-12-26 10:12:00.887991', 19),
(1042, 1022, '2021-12-25', 1140, 5, '5 PROCOD SYRUP/ 228AFG', '2021-12-26 10:13:15.587354', 19),
(1043, 3505, '2021-12-25', 2395, 20, '5 BIKROL_D TAB/ 239 AFG\r\n5 PREGNALA TAB /240 AFG', '2021-12-26 10:16:07.187666', 19),
(1044, 1656, '2021-12-25', 1431, 90, '10 V3 DROPS 10 ML/ 168AFG', '2021-12-26 10:18:13.411754', 19),
(1045, 2003, '2021-12-26', 800, 82, '5 Ketacor plus shampo/190afg', '2021-12-29 10:22:23.301738', 19),
(1046, 2570, '2021-12-27', 1730, 109, '5 Femenex  tab /346afg', '2021-12-29 10:29:38.618933', 19),
(1047, 1334, '2021-12-27', 1685, 97, '10 APOCAM7.5MGTAB/ 66 AFG\r\n10 RELTUS C&F SYRUP/108AFG\r\n10 RELTUS DM SYRUP/ 93AFG\r\n10 RELTUS EXP SYRUP /68 AFG', '2021-12-29 10:33:16.899987', 19),
(1048, 1, '2021-12-30', 7700, 56, 'correction starting point ', '2021-12-30 10:50:25.901677', 16),
(1049, 21799, '2021-12-30', 3600, 56, 'tasicare ', '2021-12-30 10:50:53.861682', 16),
(1050, 21942, '2021-12-30', 1800, 56, 'tasicare short date ', '2021-12-30 10:51:16.624829', 16),
(1051, 2, '2021-12-30', 500, 56, 'correction ', '2021-12-30 10:51:55.486124', 16),
(1052, 9318, '2021-12-28', 304, 84, '10 loratidine 10 mg/ 38afg', '2022-01-01 09:59:46.374248', 19),
(1053, 11158, '2021-12-29', 520, 45, '5 Kabz end /130 afg', '2022-01-01 10:03:15.302229', 19),
(1054, 2057, '2021-12-30', 1790, 57, '10 AGUNS CASTUS DROP/  179AFG', '2022-01-01 10:21:23.355591', 19),
(1055, 1691, '2022-01-01', 3840, 17, '20 Pantonest DSR CAP/ 192 AFG', '2022-01-06 10:05:43.767712', 19),
(1056, 3530, '2021-12-30', 1160, 20, '20 Ramalex drop 20 ml /58 afg', '2022-01-06 10:08:29.805665', 19),
(1057, 1732, '2022-01-03', 1457, 90, '10 V3 DROP 10 ML/ 171 AFG', '2022-01-06 10:12:10.574920', 19),
(1058, 2399, '2022-01-03', 2913, 94, '20 LINEZERT 100 MG SUSP/ 182 AFG', '2022-01-06 10:17:39.375220', 19),
(1059, 109, '2021-12-31', 1100, 24, '10 ZESOMED 40 MG CAP / 110 AFG', '2022-01-06 10:20:33.723461', 19),
(1060, 14075, '2022-01-02', 700, 28, '10 WEK D3/ 70AFG', '2022-01-06 10:22:24.869293', 19),
(1061, 21464, '2021-12-29', 4464, 47, '60 Sypcovet/ 93 afg', '2022-01-08 11:56:44.498787', 19),
(1062, 2172, '2022-01-03', 4309, 13, '20 DOLIUM Susp 120 Ml/ 78 afg\r\n10 CALMI FIT TAB/ 306 AFG', '2022-01-08 11:59:04.507958', 19),
(1063, 415, '2021-12-28', 1275, 21, '10 SEMAG PLUS / 127AFG', '2022-01-08 12:00:40.411922', 19),
(1064, 632, '2022-01-08', 2010, 75, '20 Feruf 200 Ml syrup / 125 afg', '2022-01-11 10:27:44.864490', 19),
(1065, 125, '2022-01-06', 2370, 24, '10 zesomed 40 mg cap/ 110 afg\r\n10 z-flox 500 mg tab/ 127 afg', '2022-01-11 10:30:02.131766', 19),
(1066, 9228, '2022-01-08', 2709, 63, '5 GEBON plus/ 637 afg', '2022-01-11 10:31:31.400632', 19),
(1067, 1856, '2022-01-16', 1483, 90, 'V3 DROPS 10ML/ 174 AFG', '2022-01-17 13:35:16.934862', 19),
(1068, 25453, '2022-01-09', 1050, 23, '10 becuacten syrup/ 105afg', '2022-01-17 13:42:24.350476', 19),
(1070, 5860, '2022-01-12', 1211, 61, '10 CLARIZA 250 MG TAB/ 121AFG', '2022-01-17 13:45:29.935667', 19),
(1071, 142, '2022-01-12', 2200, 24, '20 ZESOMED 40MG CAP 110 AFG', '2022-01-17 13:47:11.406078', 19),
(1072, 150, '2022-01-13', 1440, 24, '10 ZYCLODEX 20 MG/ 144 AFG', '2022-01-17 13:48:37.774912', 19),
(1073, 2160, '2022-01-11', 2182, 108, '10 CEERO DROPS/ 218AFG', '2022-01-17 13:51:09.716974', 19),
(1074, 296, '2022-01-20', 2924, 87, '10 NEXA 20 MG CAP/ 69 AFG\r\n30  NEXA 40 MG CAP/ 98 AFG', '2022-01-23 14:48:49.721695', 19),
(1075, 8283, '2022-01-17', 1350, 16, 'Rosuless -F10/160 tab/ 135 afg', '2022-01-23 14:51:07.209726', 19),
(1076, 21624, '2022-01-18', 1990, 47, '10 Amlang A tab/ 199 afg', '2022-01-23 14:54:37.262186', 19),
(1077, 281, '2022-01-17', 650, 87, '10 ACTILFE 120ML SYRUP/ 72 AFG', '2022-01-23 14:56:14.217697', 19),
(1078, 1753, '2022-01-18', 2698, 17, '38 FLANC-P SUS/ 71 AFG', '2022-01-23 14:57:49.878951', 19),
(1079, 1980, '2022-01-29', 1464, 90, '10 v3 drops 10 Ml / 171 afg', '2022-01-31 13:09:15.664082', 19),
(1080, 195, '2022-01-30', 1490, 24, '10 zyclodex20 mg tab/ 149 afg', '2022-01-31 13:11:01.726448', 19);
INSERT INTO `invoices` (`invoice_id`, `invoice_no`, `invoice_date`, `invoice_amount`, `company_id`, `detail`, `created_at`, `user_id`) VALUES
(1081, 2453, '2022-01-29', 1457, 94, '10 Linzert 100mg susp/ 128 afg', '2022-01-31 13:12:50.486658', 19),
(1082, 21708, '2022-01-27', 1048, 47, '10 ostyo fures syrup/ 131afg', '2022-01-31 13:14:51.555387', 19),
(1083, 1141, '2022-01-24', 893, 102, '10 ULCOZY -O SUS/ 105 AFG', '2022-01-31 13:55:53.266439', 19),
(1084, 11431, '2022-01-24', 2240, 45, '10 RANIDOM O SUS/ 140 AFG\r\n10 KABZ END /140AFG', '2022-01-31 13:58:09.886854', 19),
(1085, 1518, '2022-01-25', 372, 97, '10 RELTUS EXP SYRUP 120ML 68 AFG', '2022-01-31 14:02:46.550610', 19),
(1086, 8146, '2022-01-29', 2350, 25, '5 drop simkids /114afg\r\n10 prolex/ 178 afg', '2022-02-07 10:03:08.828765', 19),
(1087, 309, '2022-02-03', 1360, 65, '20 TAM MAX0.4MG CAP/ 85AFG', '2022-02-07 10:12:34.714088', 19),
(1088, 10, '2022-02-03', 4320, 17, '10 FLANAC SP 10 TAB 208AFG\r\n10 PANTONEST DSR CAP/ 224 AFG ', '2022-02-07 10:15:57.624749', 19),
(1089, 21765, '2022-02-02', 2595, 47, '15 ETOCA 90 TAB/ 173 AFG', '2022-02-07 10:32:47.156307', 19),
(1090, 1195, '2022-02-02', 1785, 102, '20 ULCOZY O SUS  105 AFG', '2022-02-07 10:34:04.011137', 19),
(1091, 2256, '2022-02-05', 1053, 13, '10 DOLIUM TAB 10MG/ 131AFG', '2022-02-07 10:36:01.864434', 19),
(1092, 8520, '2022-02-03', 3730, 16, '20 XCURE ALM TAB 119 AFG\r\n10 Rosuless f 160 tab / 135 afg', '2022-02-07 10:41:11.315207', 19),
(1093, 3669, '2022-02-05', 1160, 20, '20 drop ramalex  20 ml/ 58 afg', '2022-02-08 09:56:17.207174', 19),
(1094, 1195, '2022-02-01', 1785, 102, '20 ulcozy o sus/ 105 afg', '2022-02-17 09:42:12.964883', 19),
(1095, 6626, '2022-02-08', 1148, 61, '10 CLARIZA 250 MG TAB/ 114 AFG', '2022-02-17 09:53:05.874284', 19),
(1096, 2101, '2022-02-09', 1379, 90, '10 V3 DROP /162 AFG', '2022-02-17 09:54:55.865371', 19),
(1097, 22927, '2022-02-14', 633, 26, '20 MYCONIL 30 ML DROP/31 AFG', '2022-02-17 09:59:13.741699', 19),
(1098, 3716, '2022-02-15', 5250, 20, '5 supra glod / 1050 afg', '2022-02-17 10:03:47.940258', 19),
(1099, 2110, '2022-02-13', 2305, 19, '10 WIL D 5000 IU SOFTGEL 145AFG\r\n10 ZETHER 500MG CAP 100 AFG', '2022-02-17 10:09:37.924192', 19),
(1100, 1061, '2022-02-15', 950, 59, '10 PHARITON GINSENG  CAP 95 AFG', '2022-02-17 10:13:24.184389', 19),
(1101, 277, '2022-02-20', 1400, 24, 'zesomed 40mg cap/ 140 afg', '2022-02-24 10:03:57.494551', 19),
(1102, 2221, '2022-02-22', 1340, 90, '10 v3 drops 10 ml/ 157afg', '2022-02-24 10:06:10.345462', 19),
(1103, 1314, '2022-02-22', 1785, 102, '20 ULCOZY O SUS/ 105 AFG', '2022-02-24 10:08:51.046226', 19),
(1104, 292, '2022-02-24', 1490, 24, '10 zyclodex 20 Mg tab/ 149 afg', '2022-03-03 13:59:29.596729', 19),
(1105, 307, '2022-02-27', 1400, 24, '10 zesomed 40 mg cap /140 afg', '2022-03-03 14:00:54.610688', 19),
(1106, 7508, '2022-02-26', 500, 73, '10 NIDAZOL DS 120 ML SUS/ 50 AFG', '2022-03-03 14:03:34.275967', 19),
(1107, 501, '2022-02-28', 867, 21, '10 CRANIL SYP/ 86 AFG', '2022-03-03 14:11:42.524699', 19),
(1108, 119, '2022-02-26', 2240, 17, '10 PANTONEST DSR CAP/ 224 FG', '2022-03-03 14:13:54.170396', 19),
(1109, 2921, '2022-02-26', 4070, 37, '10 URESOL PLUS CAP /166 AFG\r\n5 BIO MALT TAB /166 AFG\r\n5 FOR FOCS SACHET / 785 AFG', '2022-03-03 14:17:07.031585', 19),
(1110, 462, '2022-02-26', 2693, 87, '20 NEXA 20 MG CAP/ 69 AFG\r\n20 NWXA 40 MG CAP/ 98 AFG', '2022-03-03 14:23:08.737172', 19),
(1111, 2465, '2022-02-28', 870, 57, '10 UROFAST SYRUP /87 AFG', '2022-03-03 14:24:58.841983', 19),
(1112, 1854, '2021-12-08', 1790, 57, '10 AGUNS CASTUS DROP / 179AFG', '2022-03-03 14:52:48.436588', 19),
(1113, 260, '2022-02-16', 1400, 24, 'ZESOMED 40 MG CAP/ 140 AFG', '2022-03-03 15:11:25.189676', 19),
(1114, 22063, '2022-03-06', 3700, 47, '25 etrioca 90/ 148 afg', '2022-03-10 09:38:29.717798', 19),
(1115, 2562, '2022-03-05', 2913, 94, '20 LINEZERT 100 MG SUSP  /161AFG', '2022-03-10 09:42:04.374152', 19),
(1116, 858, '2022-03-06', 1005, 75, '10 FERUF 200ML SYRUP /125AFG', '2022-03-10 09:47:48.559988', 19),
(1119, 2688, '2022-03-05', 1730, 109, '5 FEMENEX TAB/ 346AFG', '2022-03-10 10:04:09.294814', 19),
(1120, 1602, '2022-03-07', 1800, 59, '10 CECOXIB 200MG CAP/ 120 AFG\r\n5 PANCIOL 500 MG/ 120 AFG', '2022-03-10 10:10:16.736233', 19),
(1121, 2260, '2022-03-06', 1864, 108, '10 CEERO DROP 7.5 ML /186 AFG', '2022-03-10 10:11:46.621630', 19),
(1122, 24439, '2022-03-06', 2180, 55, '10 LEP SI O/SYRUP / 218 AFG', '2022-03-10 10:13:52.840544', 19),
(1123, 515, '2022-03-06', 1275, 21, '10 SEMAG PLUS/ 127AFG', '2022-03-10 10:16:17.898197', 19),
(1124, 905, '2022-03-14', 993, 80, '10 cofnext kids str 120 ml 104 afg', '2022-03-15 10:57:21.575587', 19),
(1125, 206, '2022-03-14', 8640, 17, '20  Flanac -sp /208 afg\r\n20 Pontonest dsr cap/ 224 afg', '2022-03-15 11:00:29.390478', 19),
(1126, 45, '2022-03-09', 508, 85, '5 LEVILOX SYR 125MG / 101AFG', '2022-03-15 11:02:36.974487', 19),
(1127, 11955, '2022-03-06', 520, 45, '5 KABZ  END/130 AFG', '2022-03-15 11:05:13.464836', 19),
(1128, 11955, '2022-03-06', 520, 45, '5 KABZ  END/130 AFG', '2022-03-15 11:05:13.567541', 19),
(1129, 2301, '2022-03-03', 2653, 90, '20 v3 drops / 156 afg', '2022-03-17 14:05:57.398124', 19),
(1130, 3909, '2022-03-28', 1160, 20, '20 Ramalex drop 58afg', '2022-03-29 09:19:55.268606', 19),
(1131, 3019, '2022-03-15', 1607, 37, '10 URESOL PLUS CAP/ 160 AFG', '2022-03-29 09:30:25.268806', 19),
(1132, 1915, '2022-03-19', 900, 59, '10 CALCITRA CAP / 90AFG', '2022-03-29 09:34:09.744733', 19),
(1133, 2301, '2022-03-03', 2653, 90, '20 V3 DROP /156 AFG', '2022-03-29 09:35:39.016837', 19),
(1134, 389, '2022-03-23', 1400, 24, '10 ZESOMED 40MG CAP/140 FG', '2022-03-29 09:38:59.000530', 19),
(1135, 2255, '2022-03-14', 1215, 19, '10 WIL-D 5000IU SOFTGEL', '2022-03-29 09:42:15.570895', 19),
(1136, 10248, '2022-03-17', 2230, 43, '20 SLATE 125 MG SUS/ 111AFG', '2022-03-29 09:43:45.899616', 19),
(1137, 9514, '2022-03-15', 610, 84, '10 ASEC TAB 61 AFG', '2022-03-29 09:45:30.226557', 19),
(1138, 2446, '2022-03-29', 1081, 13, '10 Dolium tab / 135afg', '2022-04-04 09:30:40.745190', 19),
(1139, 2228, '2022-03-31', 1550, 59, '5 pancidol 500 mg tab/ 120 afg\r\n10 phariton ginseng cap/ 95 afg', '2022-04-04 09:34:16.049743', 19),
(1140, 611, '2022-03-31', 1673, 87, '30 nexa 20 mg cap 69 afg', '2022-04-04 09:35:56.600732', 19),
(1141, 3985, '2022-04-12', 2065, 20, '5 Flyx-F tab/ 173 afg\r\n5 pregnalax tab/ 240 afg', '2022-04-13 11:15:05.319269', 19),
(1142, 3145, '2022-03-31', 1606, 37, '', '2022-04-30 14:08:24.047475', 16),
(1143, 1, '2022-05-08', 15837, 54, '', '2022-05-08 16:20:19.713792', 16);

-- --------------------------------------------------------

--
-- Table structure for table `medicine`
--

CREATE TABLE `medicine` (
  `medicine_id` int(11) NOT NULL,
  `barcode` varchar(20) NOT NULL,
  `med_name` varchar(255) NOT NULL,
  `med_generic` varchar(255) NOT NULL,
  `price_sale` decimal(10,2) NOT NULL,
  `price_purchase` decimal(10,2) NOT NULL DEFAULT 0.00,
  `stock` int(11) NOT NULL DEFAULT 0,
  `stock_minimum` int(11) NOT NULL DEFAULT 0,
  `available` tinyint(4) NOT NULL,
  `unit_id` smallint(6) NOT NULL,
  `category_id` smallint(6) NOT NULL,
  `company_id` int(11) NOT NULL,
  `active` tinyint(4) NOT NULL DEFAULT 1,
  `created_at` timestamp NOT NULL DEFAULT current_timestamp(),
  `updated_at` timestamp NULL DEFAULT NULL
) ENGINE=InnoDB DEFAULT CHARSET=utf8mb4;

--
-- Dumping data for table `medicine`
--

INSERT INTO `medicine` (`medicine_id`, `barcode`, `med_name`, `med_generic`, `price_sale`, `price_purchase`, `stock`, `stock_minimum`, `available`, `unit_id`, `category_id`, `company_id`, `active`, `created_at`, `updated_at`) VALUES
(1, '89011385005731', 'Bonnisan1', 'Harbal1', '200.00', '50.00', 10, 5, 0, 14, 5, 15, 1, '2020-12-02 06:44:17', '2020-12-13 20:28:14'),
(2, '8901138500574', 'Betnizole-n', 'Harbal', '200.00', '50.00', 10, 5, 0, 22, 3, 3, 0, '2020-12-02 06:44:33', '2020-12-13 20:26:43'),
(3, '1111111', 'test ', 'test ', '123.00', '12.00', 1231232323, 11122, 1, 11, 5, 3, 0, '2020-12-11 22:27:59', '2020-12-13 20:26:36'),
(4, '8901138500574', 'Betnizole-n', 'Harbal', '200.00', '50.00', 10, 5, 1, 15, 5, 3, 0, '2020-12-12 22:14:50', '2020-12-13 20:26:39'),
(5, '123123', 'test new ', 'test new ', '300.00', '150.00', 50, 10, 1, 23, 5, 21, 0, '2020-12-12 22:49:37', '2020-12-13 20:26:41'),
(6, '0', 'Dexwell ', 'Dexlansoprazole 60Mg ', '450.00', '300.00', 6, 6, 0, 11, 5, 10, 1, '2020-12-23 00:19:46', '2020-12-23 00:34:22'),
(7, '0', 'Bevit FE ', 'Vitamin B Complex With Iron ', '200.00', '100.00', 3, 5, 1, 10, 5, 25, 1, '2020-12-23 00:21:18', '2020-12-23 00:21:18'),
(8, '0', 'Uresole Plus ', '0', '220.00', '150.00', 20, 5, 1, 11, 5, 37, 1, '2020-12-23 00:33:56', '2020-12-23 00:33:56'),
(9, '0', 'Apsin', 'Famotidine U.S.P 40Mg/5ml', '150.00', '66.00', 20, 3, 1, 10, 5, 53, 1, '2020-12-24 01:57:19', '2020-12-24 01:57:19'),
(10, '0', 'Daxolanz ', 'Dexlansoprazole M.S 30Mg ', '250.00', '196.00', 20, 3, 1, 24, 5, 53, 1, '2020-12-25 19:43:59', '2020-12-25 19:43:59'),
(11, '8964002645244', 'Urofast ', 'Diuretic and Kidney ', '150.00', '66.00', 10, 2, 1, 10, 5, 54, 1, '2020-12-25 19:56:18', '2020-12-25 19:56:18'),
(12, '0', 'Apsin', 'Famotidine U.S.P 40Mg/5ml', '150.00', '66.00', 10, 3, 1, 10, 5, 53, 0, '2020-12-25 20:22:08', '2021-08-09 22:49:30'),
(13, '0', 'Lepsi ', 'Levetiracetam U.S.P 100mg/ml ', '300.00', '202.00', 10, 3, 1, 10, 5, 55, 1, '2020-12-25 23:54:27', '2020-12-25 23:54:27'),
(14, '0', 'Cefisline-AZ ', 'Cefixime + Azithromycine ', '350.00', '240.00', 10, 3, 1, 11, 5, 58, 1, '2020-12-28 21:19:24', '2020-12-28 21:19:24');

-- --------------------------------------------------------

--
-- Table structure for table `unites`
--

CREATE TABLE `unites` (
  `unit_id` smallint(6) NOT NULL,
  `unit` varchar(50) NOT NULL,
  `abr` varchar(5) NOT NULL,
  `active` int(3) NOT NULL DEFAULT 1
) ENGINE=InnoDB DEFAULT CHARSET=utf8mb4;

--
-- Dumping data for table `unites`
--

INSERT INTO `unites` (`unit_id`, `unit`, `abr`, `active`) VALUES
(10, 'Syrup ', 'Syr.', 1),
(11, 'Tablet', 'Tab.', 1),
(13, 'Solution', 'Sol.', 1),
(14, 'Rectal', 'R.', 1),
(15, 'Suppository', 'Supp.', 1),
(16, 'Injection', 'Inj.', 1),
(17, 'Ampule', 'Amp.', 1),
(18, 'Infusion', 'Inf.', 1),
(19, 'Normal Saline', 'N/S', 1),
(20, 'Ringer', 'R/L.', 1),
(21, 'Intermuscular', 'IM.', 1),
(22, 'InterVenous', 'IV.', 1),
(23, 'Milligram', 'mg.', 1),
(24, 'Capsules ', 'Cap.', 1);

-- --------------------------------------------------------

--
-- Table structure for table `users`
--

CREATE TABLE `users` (
  `id` int(11) NOT NULL,
  `firstname` varchar(50) NOT NULL,
  `lastname` varchar(50) NOT NULL,
  `email` varchar(50) NOT NULL,
  `password` varchar(42) DEFAULT NULL,
  `created_at` datetime NOT NULL DEFAULT current_timestamp(),
  `updated_at` datetime NOT NULL DEFAULT current_timestamp(),
  `level` varchar(10) NOT NULL,
  `image` varchar(100) DEFAULT NULL
) ENGINE=InnoDB DEFAULT CHARSET=utf8mb4;

--
-- Dumping data for table `users`
--

INSERT INTO `users` (`id`, `firstname`, `lastname`, `email`, `password`, `created_at`, `updated_at`, `level`, `image`) VALUES
(5, 'mirwais', 'jan', 'mirwais@gmail.com', '123', '2020-11-05 23:57:52', '2020-11-05 23:57:52', 'admin', 'masih_2.jpg'),
(11, 'test first name', 'test lastname ', 'etst@gmail.com', '123', '2020-11-11 22:14:17', '2020-11-11 22:14:17', 'admin', NULL),
(16, 'Masih', 'Nazir', 'masih.nazir1@gmail.com', '123', '2020-11-11 23:06:42', '2020-11-11 23:06:42', 'admin', 'ayat_2.jpg'),
(17, 'Zia ', 'Mohamadi', 'ziamohammadi@gmail.com', '123', '2020-11-12 10:57:19', '2020-11-12 10:57:19', 'pharmacy', NULL),
(18, 'shamim', 'Sharif', 'shamim.sharif6@gmail.com', '123', '2021-08-10 17:19:23', '2021-08-10 17:19:23', 'admin', 'facebook_1.png'),
(19, 'naweed', 'sarwari ', 'naweedsarwari7@gmail.com', '123', '2021-08-21 17:13:30', '2021-08-21 17:13:30', 'admin', NULL);

--
-- Indexes for dumped tables
--

--
-- Indexes for table `cashmed`
--
ALTER TABLE `cashmed`
  ADD PRIMARY KEY (`id`);

--
-- Indexes for table `catagory`
--
ALTER TABLE `catagory`
  ADD PRIMARY KEY (`catagory_id`);

--
-- Indexes for table `clients`
--
ALTER TABLE `clients`
  ADD PRIMARY KEY (`client_id`);

--
-- Indexes for table `company`
--
ALTER TABLE `company`
  ADD PRIMARY KEY (`id`);

--
-- Indexes for table `company_meds`
--
ALTER TABLE `company_meds`
  ADD PRIMARY KEY (`med_id`);

--
-- Indexes for table `credit`
--
ALTER TABLE `credit`
  ADD PRIMARY KEY (`bill_id`);

--
-- Indexes for table `invoices`
--
ALTER TABLE `invoices`
  ADD PRIMARY KEY (`invoice_id`);

--
-- Indexes for table `medicine`
--
ALTER TABLE `medicine`
  ADD PRIMARY KEY (`medicine_id`);

--
-- Indexes for table `unites`
--
ALTER TABLE `unites`
  ADD PRIMARY KEY (`unit_id`);

--
-- Indexes for table `users`
--
ALTER TABLE `users`
  ADD PRIMARY KEY (`id`);

--
-- AUTO_INCREMENT for dumped tables
--

--
-- AUTO_INCREMENT for table `cashmed`
--
ALTER TABLE `cashmed`
  MODIFY `id` int(11) NOT NULL AUTO_INCREMENT;

--
-- AUTO_INCREMENT for table `catagory`
--
ALTER TABLE `catagory`
  MODIFY `catagory_id` smallint(6) NOT NULL AUTO_INCREMENT, AUTO_INCREMENT=6;

--
-- AUTO_INCREMENT for table `clients`
--
ALTER TABLE `clients`
  MODIFY `client_id` int(11) NOT NULL AUTO_INCREMENT, AUTO_INCREMENT=5;

--
-- AUTO_INCREMENT for table `company`
--
ALTER TABLE `company`
  MODIFY `id` int(255) NOT NULL AUTO_INCREMENT, AUTO_INCREMENT=110;

--
-- AUTO_INCREMENT for table `company_meds`
--
ALTER TABLE `company_meds`
  MODIFY `med_id` int(100) NOT NULL AUTO_INCREMENT;

--
-- AUTO_INCREMENT for table `credit`
--
ALTER TABLE `credit`
  MODIFY `bill_id` int(50) NOT NULL AUTO_INCREMENT, AUTO_INCREMENT=2313;

--
-- AUTO_INCREMENT for table `invoices`
--
ALTER TABLE `invoices`
  MODIFY `invoice_id` int(255) NOT NULL AUTO_INCREMENT, AUTO_INCREMENT=1144;

--
-- AUTO_INCREMENT for table `medicine`
--
ALTER TABLE `medicine`
  MODIFY `medicine_id` int(11) NOT NULL AUTO_INCREMENT, AUTO_INCREMENT=15;

--
-- AUTO_INCREMENT for table `unites`
--
ALTER TABLE `unites`
  MODIFY `unit_id` smallint(6) NOT NULL AUTO_INCREMENT, AUTO_INCREMENT=25;

--
-- AUTO_INCREMENT for table `users`
--
ALTER TABLE `users`
  MODIFY `id` int(11) NOT NULL AUTO_INCREMENT, AUTO_INCREMENT=20;
COMMIT;

/*!40101 SET CHARACTER_SET_CLIENT=@OLD_CHARACTER_SET_CLIENT */;
/*!40101 SET CHARACTER_SET_RESULTS=@OLD_CHARACTER_SET_RESULTS */;
/*!40101 SET COLLATION_CONNECTION=@OLD_COLLATION_CONNECTION */;
